{
  "Chennai Super Kings": {
    "matches_played": 29,
    "batting": {
      "total_runs": 4781,
      "wickets_lost": 151,
      "fours": 396,
      "sixes": 169,
      "average": 31.662251655629138,
      "runs_per_match": 164.86206896551724
    },
    "bowling": {
      "runs_conceded": 4594,
      "wickets_taken": 183,
      "maidens": 201.5,
      "average": 25.103825136612024,
      "runs_per_match": 158.41379310344828
    }
  },
  "Rajasthan Royals": {
    "matches_played": 29,
    "batting": {
      "total_runs": 4594,
      "wickets_lost": 183,
      "fours": 371,
      "sixes": 165,
      "average": 25.103825136612024,
      "runs_per_match": 158.41379310344828
    },
    "bowling": {
      "runs_conceded": 4781,
      "wickets_taken": 151,
      "maidens": 193.83333333333334,
      "average": 31.662251655629138,
      "runs_per_match": 164.86206896551724
    }
  }
}