{
  "Chennai Super Kings": {
    "matches_played": 7,
    "batting": {
      "total_runs": 1072,
      "wickets_lost": 46,
      "fours": 103,
      "sixes": 32,
      "average": 23.304347826086957,
      "runs_per_match": 153.14285714285714
    },
    "bowling": {
      "runs_conceded": 1115,
      "wickets_taken": 42,
      "maidens": 49.333333333333336,
      "average": 26.547619047619047,
      "runs_per_match": 159.28571428571428
    }
  },
  "Punjab Kings": {
    "matches_played": 7,
    "batting": {
      "total_runs": 1115,
      "wickets_lost": 42,
      "fours": 88,
      "sixes": 48,
      "average": 26.547619047619047,
      "runs_per_match": 159.28571428571428
    },
    "bowling": {
      "runs_conceded": 1072,
      "wickets_taken": 46,
      "maidens": 50.5,
      "average": 23.304347826086957,
      "runs_per_match": 153.14285714285714
    }
  }
}