{
  "Sunrisers Hyderabad": {
    "matches_played": 23,
    "batting": {
      "total_runs": 3718,
      "wickets_lost": 143,
      "fours": 343,
      "sixes": 105,
      "average": 26.0,
      "runs_per_match": 161.65217391304347
    },
    "bowling": {
      "runs_conceded": 3718,
      "wickets_taken": 135,
      "maidens": 168.66666666666666,
      "average": 27.54074074074074,
      "runs_per_match": 161.65217391304347
    }
  },
  "Mumbai Indians": {
    "matches_played": 23,
    "batting": {
      "total_runs": 3718,
      "wickets_lost": 135,
      "fours": 326,
      "sixes": 159,
      "average": 27.54074074074074,
      "runs_per_match": 161.65217391304347
    },
    "bowling": {
      "runs_conceded": 3718,
      "wickets_taken": 143,
      "maidens": 150.33333333333334,
      "average": 26.0,
      "runs_per_match": 161.65217391304347
    }
  }
}