{
  "Sunrisers Hyderabad": {
    "matches_played": 12,
    "batting": {
      "total_runs": 2048,
      "wickets_lost": 80,
      "fours": 170,
      "sixes": 81,
      "average": 25.6,
      "runs_per_match": 170.66666666666666
    },
    "bowling": {
      "runs_conceded": 1960,
      "wickets_taken": 77,
      "maidens": 82.0,
      "average": 25.454545454545453,
      "runs_per_match": 163.33333333333334
    }
  },
  "Delhi Capitals": {
    "matches_played": 12,
    "batting": {
      "total_runs": 1960,
      "wickets_lost": 77,
      "fours": 175,
      "sixes": 69,
      "average": 25.454545454545453,
      "runs_per_match": 163.33333333333334
    },
    "bowling": {
      "runs_conceded": 2048,
      "wickets_taken": 80,
      "maidens": 81.0,
      "average": 25.6,
      "runs_per_match": 170.66666666666666
    }
  }
}