{
  "Sunrisers Hyderabad": {
    "matches_played": 21,
    "batting": {
      "total_runs": 3375,
      "wickets_lost": 118,
      "fours": 272,
      "sixes": 118,
      "average": 28.60169491525424,
      "runs_per_match": 160.71428571428572
    },
    "bowling": {
      "runs_conceded": 3591,
      "wickets_taken": 88,
      "maidens": 141.0,
      "average": 40.80681818181818,
      "runs_per_match": 171.0
    }
  },
  "Chennai Super Kings": {
    "matches_played": 21,
    "batting": {
      "total_runs": 3591,
      "wickets_lost": 88,
      "fours": 320,
      "sixes": 147,
      "average": 40.80681818181818,
      "runs_per_match": 171.0
    },
    "bowling": {
      "runs_conceded": 3375,
      "wickets_taken": 118,
      "maidens": 136.33333333333334,
      "average": 28.60169491525424,
      "runs_per_match": 160.71428571428572
    }
  }
}