{
  "Sawai Mansingh Stadium": {
    "batting": {
      "matches": 6,
      "runs": 24,
      "balls": 29,
      "fours": 2,
      "sixes": 0,
      "dots": 13,
      "dismissals": 4,
      "highest": 13,
      "50s": 0,
      "100s": 0,
      "strike_rate": 82.75862068965517,
      "average": 6.0
    },
    "bowling": {
      "matches": 11,
      "balls": 266,
      "runs": 319,
      "wickets": 12,
      "maidens": 16.833333333333332,
      "best_bowling": "3/23",
      "overs": 44.333333333333336,
      "economy": 7.1954887218045105,
      "average": 26.583333333333332,
      "strike_rate": 22.166666666666668
    }
  },
  "Arun Jaitley Stadium": {
    "batting": {},
    "bowling": {
      "matches": 1,
      "balls": 20,
      "runs": 31,
      "wickets": 1,
      "maidens": 1.5,
      "best_bowling": "1/31",
      "overs": 3.3333333333333335,
      "economy": 9.299999999999999,
      "average": 31.0,
      "strike_rate": 20.0
    }
  },
  "Holkar Cricket Stadium": {
    "batting": {
      "matches": 1,
      "runs": 0,
      "balls": 1,
      "fours": 0,
      "sixes": 0,
      "dots": 1,
      "dismissals": 1,
      "highest": 0,
      "50s": 0,
      "100s": 0,
      "strike_rate": 0.0,
      "average": 0.0
    },
    "bowling": {
      "matches": 1,
      "balls": 23,
      "runs": 43,
      "wickets": 1,
      "maidens": 1.1666666666666667,
      "best_bowling": "1/43",
      "overs": 3.8333333333333335,
      "economy": 11.217391304347826,
      "average": 43.0,
      "strike_rate": 23.0
    }
  },
  "Wankhede Stadium": {
    "batting": {},
    "bowling": {
      "matches": 2,
      "balls": 52,
      "runs": 57,
      "wickets": 5,
      "maidens": 3.1666666666666665,
      "best_bowling": "3/40",
      "overs": 8.666666666666666,
      "economy": 6.5769230769230775,
      "average": 11.4,
      "strike_rate": 10.4
    }
  },
  "Eden Gardens": {
    "batting": {
      "matches": 2,
      "runs": 33,
      "balls": 18,
      "fours": 3,
      "sixes": 2,
      "dots": 5,
      "dismissals": 1,
      "highest": 27,
      "50s": 0,
      "100s": 0,
      "strike_rate": 183.33333333333334,
      "average": 33.0
    },
    "bowling": {
      "matches": 3,
      "balls": 77,
      "runs": 104,
      "wickets": 3,
      "maidens": 5.666666666666667,
      "best_bowling": "2/33",
      "overs": 12.833333333333334,
      "economy": 8.103896103896103,
      "average": 34.666666666666664,
      "strike_rate": 25.666666666666668
    }
  },
  "Rajiv Gandhi International Stadium": {
    "batting": {},
    "bowling": {
      "matches": 1,
      "balls": 26,
      "runs": 42,
      "wickets": 0,
      "maidens": 1.5,
      "best_bowling": "0/42",
      "overs": 4.333333333333333,
      "economy": 9.692307692307693
    }
  },
  "MA Chidambaram Stadium": {
    "batting": {
      "matches": 1,
      "runs": 24,
      "balls": 11,
      "fours": 1,
      "sixes": 2,
      "dots": 2,
      "dismissals": 0,
      "highest": 24,
      "50s": 0,
      "100s": 0,
      "strike_rate": 218.1818181818182
    },
    "bowling": {
      "matches": 1,
      "balls": 24,
      "runs": 17,
      "wickets": 2,
      "maidens": 2.1666666666666665,
      "best_bowling": "2/17",
      "overs": 4.0,
      "economy": 4.25,
      "average": 8.5,
      "strike_rate": 12.0
    }
  },
  "Punjab Cricket Association IS Bindra Stadium": {
    "batting": {
      "matches": 1,
      "runs": 1,
      "balls": 3,
      "fours": 0,
      "sixes": 0,
      "dots": 2,
      "dismissals": 1,
      "highest": 1,
      "50s": 0,
      "100s": 0,
      "strike_rate": 33.333333333333336,
      "average": 1.0
    },
    "bowling": {
      "matches": 1,
      "balls": 25,
      "runs": 22,
      "wickets": 3,
      "maidens": 2.3333333333333335,
      "best_bowling": "3/22",
      "overs": 4.166666666666667,
      "economy": 5.279999999999999,
      "average": 7.333333333333333,
      "strike_rate": 8.333333333333334
    }
  },
  "Sharjah Cricket Stadium": {
    "batting": {
      "matches": 3,
      "runs": 42,
      "balls": 16,
      "fours": 0,
      "sixes": 6,
      "dots": 4,
      "dismissals": 1,
      "highest": 27,
      "50s": 0,
      "100s": 0,
      "strike_rate": 262.5,
      "average": 42.0
    },
    "bowling": {
      "matches": 3,
      "balls": 75,
      "runs": 96,
      "wickets": 4,
      "maidens": 5.5,
      "best_bowling": "3/24",
      "overs": 12.5,
      "economy": 7.68,
      "average": 24.0,
      "strike_rate": 18.75
    }
  },
  "Dubai International Cricket Stadium": {
    "batting": {
      "matches": 5,
      "runs": 31,
      "balls": 29,
      "fours": 1,
      "sixes": 2,
      "dots": 14,
      "dismissals": 4,
      "highest": 16,
      "50s": 0,
      "100s": 0,
      "strike_rate": 106.89655172413794,
      "average": 7.75
    },
    "bowling": {
      "matches": 6,
      "balls": 148,
      "runs": 143,
      "wickets": 9,
      "maidens": 13.0,
      "best_bowling": "3/21",
      "overs": 24.666666666666668,
      "economy": 5.797297297297297,
      "average": 15.88888888888889,
      "strike_rate": 16.444444444444443
    }
  },
  "Sheikh Zayed Stadium": {
    "batting": {
      "matches": 2,
      "runs": 40,
      "balls": 21,
      "fours": 4,
      "sixes": 2,
      "dots": 5,
      "dismissals": 1,
      "highest": 24,
      "50s": 0,
      "100s": 0,
      "strike_rate": 190.47619047619048,
      "average": 40.0
    },
    "bowling": {
      "matches": 5,
      "balls": 122,
      "runs": 134,
      "wickets": 7,
      "maidens": 10.0,
      "best_bowling": "2/26",
      "overs": 20.333333333333332,
      "economy": 6.59016393442623,
      "average": 19.142857142857142,
      "strike_rate": 17.428571428571427
    }
  },
  "M Chinnaswamy Stadium, Bengaluru": {
    "batting": {},
    "bowling": {
      "matches": 1,
      "balls": 24,
      "runs": 33,
      "wickets": 0,
      "maidens": 1.6666666666666667,
      "best_bowling": "0/33",
      "overs": 4.0,
      "economy": 8.25
    }
  },
  "Wankhede Stadium, Mumbai": {
    "batting": {
      "matches": 1,
      "runs": 1,
      "balls": 2,
      "fours": 0,
      "sixes": 0,
      "dots": 1,
      "dismissals": 0,
      "highest": 1,
      "50s": 0,
      "100s": 0,
      "strike_rate": 50.0
    },
    "bowling": {
      "matches": 2,
      "balls": 53,
      "runs": 84,
      "wickets": 2,
      "maidens": 3.3333333333333335,
      "best_bowling": "1/41",
      "overs": 8.833333333333334,
      "economy": 9.50943396226415,
      "average": 42.0,
      "strike_rate": 26.5
    }
  },
  "Punjab Cricket Association IS Bindra Stadium, Mohali, Chandigarh": {
    "batting": {},
    "bowling": {
      "matches": 1,
      "balls": 27,
      "runs": 60,
      "wickets": 0,
      "maidens": 0.5,
      "best_bowling": "0/60",
      "overs": 4.5,
      "economy": 13.333333333333334
    }
  },
  "MA Chidambaram Stadium, Chepauk, Chennai": {
    "batting": {
      "matches": 1,
      "runs": 3,
      "balls": 2,
      "fours": 0,
      "sixes": 0,
      "dots": 0,
      "dismissals": 0,
      "highest": 3,
      "50s": 0,
      "100s": 0,
      "strike_rate": 150.0
    },
    "bowling": {
      "matches": 1,
      "balls": 25,
      "runs": 25,
      "wickets": 0,
      "maidens": 1.6666666666666667,
      "best_bowling": "0/25",
      "overs": 4.166666666666667,
      "economy": 6.0
    }
  }
}