{
  "total_matches": 17,
  "batting_first_wins": 13,
  "batting_second_wins": 4,
  "win_percentage_batting_first": 76.47,
  "avg_first_innings_runs": 146.64705882352942,
  "avg_second_innings_runs": 136.2941176470588,
  "avg_first_innings_wickets": 6.9411764705882355,
  "avg_second_innings_wickets": 5.764705882352941
}