{
  "total_matches": 46,
  "batting_first_wins": 19,
  "batting_second_wins": 27,
  "win_percentage_batting_first": 41.3,
  "avg_first_innings_runs": 163.7608695652174,
  "avg_second_innings_runs": 149.08695652173913,
  "avg_first_innings_wickets": 5.760869565217392,
  "avg_second_innings_wickets": 5.934782608695652
}