{
  "total_matches": 77,
  "batting_first_wins": 44,
  "batting_second_wins": 33,
  "win_percentage_batting_first": 57.14,
  "avg_first_innings_runs": 160.1818181818182,
  "avg_second_innings_runs": 147.06493506493507,
  "avg_first_innings_wickets": 6.233766233766234,
  "avg_second_innings_wickets": 5.1688311688311686
}