{
  "total_matches": 9,
  "batting_first_wins": 5,
  "batting_second_wins": 4,
  "win_percentage_batting_first": 55.56,
  "avg_first_innings_runs": 175.66666666666666,
  "avg_second_innings_runs": 146.22222222222223,
  "avg_first_innings_wickets": 4.777777777777778,
  "avg_second_innings_wickets": 6.777777777777778
}