{
  "total_matches": 9,
  "batting_first_wins": 6,
  "batting_second_wins": 3,
  "win_percentage_batting_first": 66.67,
  "avg_first_innings_runs": 160.33333333333334,
  "avg_second_innings_runs": 158.77777777777777,
  "avg_first_innings_wickets": 6.888888888888889,
  "avg_second_innings_wickets": 3.3333333333333335
}