{
  "total_matches": 28,
  "batting_first_wins": 12,
  "batting_second_wins": 16,
  "win_percentage_batting_first": 42.86,
  "avg_first_innings_runs": 164.53571428571428,
  "avg_second_innings_runs": 151.57142857142858,
  "avg_first_innings_wickets": 6.892857142857143,
  "avg_second_innings_wickets": 5.857142857142857
}