{
  "total_matches": 9,
  "batting_first_wins": 5,
  "batting_second_wins": 4,
  "win_percentage_batting_first": 55.56,
  "avg_first_innings_runs": 150.55555555555554,
  "avg_second_innings_runs": 134.22222222222223,
  "avg_first_innings_wickets": 5.333333333333333,
  "avg_second_innings_wickets": 5.777777777777778
}