{
  "total_matches": 13,
  "batting_first_wins": 5,
  "batting_second_wins": 8,
  "win_percentage_batting_first": 38.46,
  "avg_first_innings_runs": 171.46153846153845,
  "avg_second_innings_runs": 144.53846153846155,
  "avg_first_innings_wickets": 5.769230769230769,
  "avg_second_innings_wickets": 7.6923076923076925
}