{
  "total_matches": 22,
  "batting_first_wins": 14,
  "batting_second_wins": 8,
  "win_percentage_batting_first": 63.64,
  "avg_first_innings_runs": 166.4090909090909,
  "avg_second_innings_runs": 152.0909090909091,
  "avg_first_innings_wickets": 5.954545454545454,
  "avg_second_innings_wickets": 5.818181818181818
}