{
  "total_matches": 11,
  "batting_first_wins": 7,
  "batting_second_wins": 4,
  "win_percentage_batting_first": 63.64,
  "avg_first_innings_runs": 164.0909090909091,
  "avg_second_innings_runs": 158.1818181818182,
  "avg_first_innings_wickets": 5.818181818181818,
  "avg_second_innings_wickets": 4.636363636363637
}