{
  "total_matches": 6,
  "batting_first_wins": 3,
  "batting_second_wins": 3,
  "win_percentage_batting_first": 50.0,
  "avg_first_innings_runs": 146.33333333333334,
  "avg_second_innings_runs": 143.83333333333334,
  "avg_first_innings_wickets": 6.166666666666667,
  "avg_second_innings_wickets": 3.8333333333333335
}