{
  "total_matches": 29,
  "batting_first_wins": 13,
  "batting_second_wins": 16,
  "win_percentage_batting_first": 44.83,
  "avg_first_innings_runs": 158.86206896551724,
  "avg_second_innings_runs": 145.6206896551724,
  "avg_first_innings_wickets": 5.827586206896552,
  "avg_second_innings_wickets": 5.379310344827586
}