{
  "total_matches": 45,
  "batting_first_wins": 25,
  "batting_second_wins": 20,
  "win_percentage_batting_first": 55.56,
  "avg_first_innings_runs": 177.11111111111111,
  "avg_second_innings_runs": 169.26666666666668,
  "avg_first_innings_wickets": 6.2444444444444445,
  "avg_second_innings_wickets": 5.488888888888889
}