{
  "Delhi Daredevils": {
    "batting": {
      "matches": 2,
      "runs": 15,
      "balls": 8,
      "fours": 0,
      "sixes": 2,
      "dots": 3,
      "dismissals": 1,
      "highest": 14,
      "50s": 0,
      "100s": 0,
      "strike_rate": 187.5,
      "average": 15.0
    },
    "bowling": {
      "matches": 3,
      "balls": 52,
      "runs": 72,
      "wickets": 2,
      "maidens": 3.3333333333333335,
      "best_bowling": "1/23",
      "overs": 8.666666666666666,
      "economy": 8.307692307692308,
      "average": 36.0,
      "strike_rate": 26.0
    }
  },
  "Kings XI Punjab": {
    "batting": {
      "matches": 1,
      "runs": 39,
      "balls": 21,
      "fours": 1,
      "sixes": 3,
      "dots": 4,
      "dismissals": 1,
      "highest": 39,
      "50s": 0,
      "100s": 0,
      "strike_rate": 185.71428571428572,
      "average": 39.0
    },
    "bowling": {
      "matches": 7,
      "balls": 154,
      "runs": 213,
      "wickets": 2,
      "maidens": 10.166666666666666,
      "best_bowling": "1/31",
      "overs": 25.666666666666668,
      "economy": 8.298701298701298,
      "average": 106.5,
      "strike_rate": 77.0
    }
  },
  "Mumbai Indians": {
    "batting": {
      "matches": 4,
      "runs": 7,
      "balls": 16,
      "fours": 1,
      "sixes": 0,
      "dots": 12,
      "dismissals": 4,
      "highest": 7,
      "50s": 0,
      "100s": 0,
      "strike_rate": 43.75,
      "average": 1.75
    },
    "bowling": {
      "matches": 13,
      "balls": 256,
      "runs": 328,
      "wickets": 13,
      "maidens": 19.5,
      "best_bowling": "3/26",
      "overs": 42.666666666666664,
      "economy": 7.6875,
      "average": 25.23076923076923,
      "strike_rate": 19.692307692307693
    }
  },
  "Royal Challengers Bangalore": {
    "batting": {
      "matches": 1,
      "runs": 5,
      "balls": 5,
      "fours": 0,
      "sixes": 0,
      "dots": 2,
      "dismissals": 0,
      "highest": 5,
      "50s": 0,
      "100s": 0,
      "strike_rate": 100.0
    },
    "bowling": {
      "matches": 8,
      "balls": 155,
      "runs": 185,
      "wickets": 6,
      "maidens": 10.333333333333334,
      "best_bowling": "2/26",
      "overs": 25.833333333333332,
      "economy": 7.161290322580646,
      "average": 30.833333333333332,
      "strike_rate": 25.833333333333332
    }
  },
  "Kolkata Knight Riders": {
    "batting": {
      "matches": 1,
      "runs": 1,
      "balls": 1,
      "fours": 0,
      "sixes": 0,
      "dots": 0,
      "dismissals": 0,
      "highest": 1,
      "50s": 0,
      "100s": 0,
      "strike_rate": 100.0
    },
    "bowling": {
      "matches": 9,
      "balls": 194,
      "runs": 274,
      "wickets": 12,
      "maidens": 13.0,
      "best_bowling": "4/30",
      "overs": 32.333333333333336,
      "economy": 8.474226804123711,
      "average": 22.833333333333332,
      "strike_rate": 16.166666666666668
    }
  },
  "Rajasthan Royals": {
    "batting": {},
    "bowling": {
      "matches": 6,
      "balls": 144,
      "runs": 166,
      "wickets": 9,
      "maidens": 10.166666666666666,
      "best_bowling": "2/19",
      "overs": 24.0,
      "economy": 6.916666666666667,
      "average": 18.444444444444443,
      "strike_rate": 16.0
    }
  },
  "Sunrisers Hyderabad": {
    "batting": {
      "matches": 2,
      "runs": 12,
      "balls": 8,
      "fours": 0,
      "sixes": 1,
      "dots": 2,
      "dismissals": 1,
      "highest": 10,
      "50s": 0,
      "100s": 0,
      "strike_rate": 150.0,
      "average": 12.0
    },
    "bowling": {
      "matches": 12,
      "balls": 279,
      "runs": 316,
      "wickets": 10,
      "maidens": 19.333333333333332,
      "best_bowling": "3/15",
      "overs": 46.5,
      "economy": 6.795698924731183,
      "average": 31.6,
      "strike_rate": 27.9
    }
  },
  "Delhi Capitals": {
    "batting": {
      "matches": 1,
      "runs": 1,
      "balls": 2,
      "fours": 0,
      "sixes": 0,
      "dots": 1,
      "dismissals": 0,
      "highest": 1,
      "50s": 0,
      "100s": 0,
      "strike_rate": 50.0
    },
    "bowling": {
      "matches": 11,
      "balls": 247,
      "runs": 325,
      "wickets": 12,
      "maidens": 16.0,
      "best_bowling": "3/22",
      "overs": 41.166666666666664,
      "economy": 7.894736842105264,
      "average": 27.083333333333332,
      "strike_rate": 20.583333333333332
    }
  },
  "Punjab Kings": {
    "batting": {},
    "bowling": {
      "matches": 3,
      "balls": 54,
      "runs": 65,
      "wickets": 6,
      "maidens": 4.0,
      "best_bowling": "5/13",
      "overs": 9.0,
      "economy": 7.222222222222222,
      "average": 10.833333333333334,
      "strike_rate": 9.0
    }
  },
  "Gujarat Titans": {
    "batting": {},
    "bowling": {
      "matches": 4,
      "balls": 102,
      "runs": 129,
      "wickets": 5,
      "maidens": 5.5,
      "best_bowling": "2/28",
      "overs": 17.0,
      "economy": 7.588235294117647,
      "average": 25.8,
      "strike_rate": 20.4
    }
  },
  "Lucknow Super Giants": {
    "batting": {},
    "bowling": {
      "matches": 4,
      "balls": 83,
      "runs": 133,
      "wickets": 1,
      "maidens": 5.0,
      "best_bowling": "1/11",
      "overs": 13.833333333333334,
      "economy": 9.6144578313253,
      "average": 133.0,
      "strike_rate": 83.0
    }
  },
  "Royal Challengers Bengaluru": {
    "batting": {},
    "bowling": {
      "matches": 1,
      "balls": 26,
      "runs": 37,
      "wickets": 1,
      "maidens": 1.6666666666666667,
      "best_bowling": "1/37",
      "overs": 4.333333333333333,
      "economy": 8.538461538461538,
      "average": 37.0,
      "strike_rate": 26.0
    }
  }
}