{
  "Kolkata Knight Riders": {
    "batting": {
      "matches": 20,
      "runs": 480,
      "balls": 349,
      "fours": 41,
      "sixes": 24,
      "dots": 134,
      "dismissals": 17,
      "highest": 78,
      "50s": 2,
      "100s": 0,
      "strike_rate": 137.53581661891118,
      "average": 28.235294117647058
    },
    "bowling": {
      "matches": 10,
      "balls": 98,
      "runs": 167,
      "wickets": 4,
      "maidens": 3.3333333333333335,
      "best_bowling": "2/22",
      "overs": 16.333333333333332,
      "economy": 10.224489795918368,
      "average": 41.75,
      "strike_rate": 24.5
    }
  },
  "Royal Challengers Bangalore": {
    "batting": {
      "matches": 9,
      "runs": 103,
      "balls": 82,
      "fours": 7,
      "sixes": 6,
      "dots": 36,
      "dismissals": 8,
      "highest": 43,
      "50s": 0,
      "100s": 0,
      "strike_rate": 125.60975609756098,
      "average": 12.875
    },
    "bowling": {
      "matches": 8,
      "balls": 119,
      "runs": 163,
      "wickets": 6,
      "maidens": 5.666666666666667,
      "best_bowling": "2/10",
      "overs": 19.833333333333332,
      "economy": 8.218487394957984,
      "average": 27.166666666666668,
      "strike_rate": 19.833333333333332
    }
  },
  "Pune Warriors": {
    "batting": {
      "matches": 1,
      "runs": 13,
      "balls": 7,
      "fours": 1,
      "sixes": 1,
      "dots": 2,
      "dismissals": 0,
      "highest": 13,
      "50s": 0,
      "100s": 0,
      "strike_rate": 185.71428571428572
    },
    "bowling": {
      "matches": 1,
      "balls": 6,
      "runs": 6,
      "wickets": 0,
      "maidens": 0.16666666666666666,
      "best_bowling": "0/6",
      "overs": 1.0,
      "economy": 6.0
    }
  },
  "Rajasthan Royals": {
    "batting": {
      "matches": 15,
      "runs": 368,
      "balls": 241,
      "fours": 32,
      "sixes": 20,
      "dots": 88,
      "dismissals": 12,
      "highest": 89,
      "50s": 4,
      "100s": 0,
      "strike_rate": 152.69709543568464,
      "average": 30.666666666666668
    },
    "bowling": {
      "matches": 8,
      "balls": 84,
      "runs": 133,
      "wickets": 2,
      "maidens": 4.0,
      "best_bowling": "1/3",
      "overs": 14.0,
      "economy": 9.5,
      "average": 66.5,
      "strike_rate": 42.0
    }
  },
  "Kings XI Punjab": {
    "batting": {
      "matches": 2,
      "runs": 12,
      "balls": 13,
      "fours": 1,
      "sixes": 1,
      "dots": 9,
      "dismissals": 2,
      "highest": 12,
      "50s": 0,
      "100s": 0,
      "strike_rate": 92.3076923076923,
      "average": 6.0
    },
    "bowling": {
      "matches": 2,
      "balls": 12,
      "runs": 22,
      "wickets": 0,
      "maidens": 0.5,
      "best_bowling": "0/4",
      "overs": 2.0,
      "economy": 11.0
    }
  },
  "Chennai Super Kings": {
    "batting": {
      "matches": 14,
      "runs": 380,
      "balls": 211,
      "fours": 35,
      "sixes": 23,
      "dots": 71,
      "dismissals": 12,
      "highest": 95,
      "50s": 3,
      "100s": 0,
      "strike_rate": 180.09478672985782,
      "average": 31.666666666666668
    },
    "bowling": {
      "matches": 12,
      "balls": 158,
      "runs": 203,
      "wickets": 9,
      "maidens": 8.666666666666666,
      "best_bowling": "2/22",
      "overs": 26.333333333333332,
      "economy": 7.708860759493671,
      "average": 22.555555555555557,
      "strike_rate": 17.555555555555557
    }
  },
  "Sunrisers Hyderabad": {
    "batting": {
      "matches": 15,
      "runs": 339,
      "balls": 237,
      "fours": 25,
      "sixes": 22,
      "dots": 98,
      "dismissals": 12,
      "highest": 95,
      "50s": 2,
      "100s": 0,
      "strike_rate": 143.0379746835443,
      "average": 28.25
    },
    "bowling": {
      "matches": 9,
      "balls": 103,
      "runs": 146,
      "wickets": 5,
      "maidens": 5.333333333333333,
      "best_bowling": "2/13",
      "overs": 17.166666666666668,
      "economy": 8.504854368932039,
      "average": 29.2,
      "strike_rate": 20.6
    }
  },
  "Mumbai Indians": {
    "batting": {
      "matches": 18,
      "runs": 437,
      "balls": 285,
      "fours": 43,
      "sixes": 23,
      "dots": 109,
      "dismissals": 16,
      "highest": 68,
      "50s": 3,
      "100s": 0,
      "strike_rate": 153.33333333333334,
      "average": 27.3125
    },
    "bowling": {
      "matches": 9,
      "balls": 117,
      "runs": 148,
      "wickets": 3,
      "maidens": 6.0,
      "best_bowling": "2/23",
      "overs": 19.5,
      "economy": 7.589743589743589,
      "average": 49.333333333333336,
      "strike_rate": 39.0
    }
  },
  "Delhi Daredevils": {
    "batting": {
      "matches": 6,
      "runs": 45,
      "balls": 38,
      "fours": 0,
      "sixes": 4,
      "dots": 19,
      "dismissals": 6,
      "highest": 16,
      "50s": 0,
      "100s": 0,
      "strike_rate": 118.42105263157895,
      "average": 7.5
    },
    "bowling": {
      "matches": 4,
      "balls": 43,
      "runs": 40,
      "wickets": 1,
      "maidens": 3.5,
      "best_bowling": "1/12",
      "overs": 7.166666666666667,
      "economy": 5.5813953488372094,
      "average": 40.0,
      "strike_rate": 43.0
    }
  },
  "Gujarat Lions": {
    "batting": {
      "matches": 4,
      "runs": 53,
      "balls": 34,
      "fours": 1,
      "sixes": 5,
      "dots": 10,
      "dismissals": 3,
      "highest": 31,
      "50s": 0,
      "100s": 0,
      "strike_rate": 155.88235294117646,
      "average": 17.666666666666668
    },
    "bowling": {
      "matches": 1,
      "balls": 12,
      "runs": 21,
      "wickets": 1,
      "maidens": 0.5,
      "best_bowling": "1/21",
      "overs": 2.0,
      "economy": 10.5,
      "average": 21.0,
      "strike_rate": 12.0
    }
  },
  "Rising Pune Supergiants": {
    "batting": {
      "matches": 1,
      "runs": 32,
      "balls": 14,
      "fours": 3,
      "sixes": 2,
      "dots": 3,
      "dismissals": 0,
      "highest": 32,
      "50s": 0,
      "100s": 0,
      "strike_rate": 228.57142857142858
    },
    "bowling": {
      "matches": 1,
      "balls": 6,
      "runs": 3,
      "wickets": 0,
      "maidens": 0.5,
      "best_bowling": "0/3",
      "overs": 1.0,
      "economy": 3.0
    }
  },
  "Rising Pune Supergiant": {
    "batting": {
      "matches": 2,
      "runs": 44,
      "balls": 27,
      "fours": 3,
      "sixes": 4,
      "dots": 12,
      "dismissals": 1,
      "highest": 44,
      "50s": 0,
      "100s": 0,
      "strike_rate": 162.96296296296296,
      "average": 44.0
    },
    "bowling": {
      "matches": 1,
      "balls": 12,
      "runs": 15,
      "wickets": 0,
      "maidens": 0.5,
      "best_bowling": "0/15",
      "overs": 2.0,
      "economy": 7.5
    }
  },
  "Delhi Capitals": {
    "batting": {
      "matches": 7,
      "runs": 188,
      "balls": 135,
      "fours": 19,
      "sixes": 7,
      "dots": 49,
      "dismissals": 6,
      "highest": 55,
      "50s": 2,
      "100s": 0,
      "strike_rate": 139.25925925925927,
      "average": 31.333333333333332
    },
    "bowling": {
      "matches": 4,
      "balls": 66,
      "runs": 89,
      "wickets": 1,
      "maidens": 2.5,
      "best_bowling": "1/31",
      "overs": 11.0,
      "economy": 8.090909090909092,
      "average": 89.0,
      "strike_rate": 66.0
    }
  },
  "Punjab Kings": {
    "batting": {
      "matches": 5,
      "runs": 95,
      "balls": 66,
      "fours": 6,
      "sixes": 5,
      "dots": 23,
      "dismissals": 5,
      "highest": 57,
      "50s": 1,
      "100s": 0,
      "strike_rate": 143.93939393939394,
      "average": 19.0
    },
    "bowling": {
      "matches": 3,
      "balls": 36,
      "runs": 52,
      "wickets": 3,
      "maidens": 2.0,
      "best_bowling": "2/29",
      "overs": 6.0,
      "economy": 8.666666666666666,
      "average": 17.333333333333332,
      "strike_rate": 12.0
    }
  },
  "Lucknow Super Giants": {
    "batting": {
      "matches": 5,
      "runs": 95,
      "balls": 58,