{
  "Royal Challengers Bangalore": {
    "batting": {
      "matches": 5,
      "runs": 26,
      "balls": 30,
      "fours": 3,
      "sixes": 0,
      "dots": 13,
      "dismissals": 4,
      "highest": 14,
      "50s": 0,
      "100s": 0,
      "strike_rate": 86.66666666666667,
      "average": 6.5
    },
    "bowling": {
      "matches": 14,
      "balls": 261,
      "runs": 399,
      "wickets": 7,
      "maidens": 12.833333333333334,
      "best_bowling": "2/24",
      "overs": 43.5,
      "economy": 9.172413793103448,
      "average": 57.0,
      "strike_rate": 37.285714285714285
    }
  },
  "Delhi Daredevils": {
    "batting": {
      "matches": 3,
      "runs": 30,
      "balls": 24,
      "fours": 2,
      "sixes": 1,
      "dots": 9,
      "dismissals": 2,
      "highest": 15,
      "50s": 0,
      "100s": 0,
      "strike_rate": 125.0,
      "average": 15.0
    },
    "bowling": {
      "matches": 11,
      "balls": 217,
      "runs": 256,
      "wickets": 13,
      "maidens": 14.5,
      "best_bowling": "3/10",
      "overs": 36.166666666666664,
      "economy": 7.078341013824885,
      "average": 19.692307692307693,
      "strike_rate": 16.692307692307693
    }
  },
  "Kolkata Knight Riders": {
    "batting": {
      "matches": 5,
      "runs": 16,
      "balls": 16,
      "fours": 3,
      "sixes": 0,
      "dots": 9,
      "dismissals": 3,
      "highest": 10,
      "50s": 0,
      "100s": 0,
      "strike_rate": 100.0,
      "average": 5.333333333333333
    },
    "bowling": {
      "matches": 12,
      "balls": 232,
      "runs": 308,
      "wickets": 11,
      "maidens": 14.0,
      "best_bowling": "3/22",
      "overs": 38.666666666666664,
      "economy": 7.9655172413793105,
      "average": 28.0,
      "strike_rate": 21.09090909090909
    }
  },
  "Rajasthan Royals": {
    "batting": {},
    "bowling": {
      "matches": 10,
      "balls": 187,
      "runs": 235,
      "wickets": 10,
      "maidens": 11.5,
      "best_bowling": "3/25",
      "overs": 31.166666666666668,
      "economy": 7.540106951871658,
      "average": 23.5,
      "strike_rate": 18.7
    }
  },
  "Sunrisers Hyderabad": {
    "batting": {
      "matches": 3,
      "runs": 12,
      "balls": 11,
      "fours": 0,
      "sixes": 1,
      "dots": 5,
      "dismissals": 2,
      "highest": 10,
      "50s": 0,
      "100s": 0,
      "strike_rate": 109.0909090909091,
      "average": 6.0
    },
    "bowling": {
      "matches": 13,
      "balls": 299,
      "runs": 441,
      "wickets": 23,
      "maidens": 15.166666666666666,
      "best_bowling": "4/25",
      "overs": 49.833333333333336,
      "economy": 8.849498327759196,
      "average": 19.17391304347826,
      "strike_rate": 13.0
    }
  },
  "Pune Warriors": {
    "batting": {},
    "bowling": {
      "matches": 1,
      "balls": 25,
      "runs": 21,
      "wickets": 3,
      "maidens": 1.8333333333333333,
      "best_bowling": "3/21",
      "overs": 4.166666666666667,
      "economy": 5.04,
      "average": 7.0,
      "strike_rate": 8.333333333333334
    }
  },
  "Kings XI Punjab": {
    "batting": {
      "matches": 1,
      "runs": 1,
      "balls": 3,
      "fours": 0,
      "sixes": 0,
      "dots": 2,
      "dismissals": 0,
      "highest": 1,
      "50s": 0,
      "100s": 0,
      "strike_rate": 33.333333333333336
    },
    "bowling": {
      "matches": 6,
      "balls": 133,
      "runs": 206,
      "wickets": 8,
      "maidens": 8.666666666666666,
      "best_bowling": "2/31",
      "overs": 22.166666666666668,
      "economy": 9.293233082706767,
      "average": 25.75,
      "strike_rate": 16.625
    }
  },
  "Mumbai Indians": {
    "batting": {
      "matches": 5,
      "runs": 24,
      "balls": 17,
      "fours": 1,
      "sixes": 2,
      "dots": 8,
      "dismissals": 1,
      "highest": 21,
      "50s": 0,
      "100s": 0,
      "strike_rate": 141.1764705882353,
      "average": 24.0
    },
    "bowling": {
      "matches": 20,
      "balls": 440,
      "runs": 632,
      "wickets": 35,
      "maidens": 28.333333333333332,
      "best_bowling": "5/11",
      "overs": 73.33333333333333,
      "economy": 8.618181818181819,
      "average": 18.057142857142857,
      "strike_rate": 12.571428571428571
    }
  },
  "Gujarat Lions": {
    "batting": {
      "matches": 2,
      "runs": 5,
      "balls": 5,
      "fours": 0,
      "sixes": 0,
      "dots": 1,
      "dismissals": 1,
      "highest": 4,
      "50s": 0,
      "100s": 0,
      "strike_rate": 100.0,
      "average": 5.0
    },
    "bowling": {
      "matches": 4,
      "balls": 89,
      "runs": 118,
      "wickets": 4,
      "maidens": 4.0,
      "best_bowling": "3/32",
      "overs": 14.833333333333334,
      "economy": 7.955056179775281,
      "average": 29.5,
      "strike_rate": 22.25
    }
  },
  "Rising Pune Supergiants": {
    "batting": {},
    "bowling": {
      "matches": 2,
      "balls": 49,
      "runs": 63,
      "wickets": 5,
      "maidens": 2.5,
      "best_bowling": "4/24",
      "overs": 8.166666666666666,
      "economy": 7.714285714285714,
      "average": 12.6,
      "strike_rate": 9.8
    }
  },
  "Rising Pune Supergiant": {
    "batting": {
      "matches": 1,
      "runs": 6,
      "balls": 12,
      "fours": 0,
      "sixes": 0,
      "dots": 7,
      "dismissals": 1,
      "highest": 6,
      "50s": 0,
      "100s": 0,
      "strike_rate": 50.0,
      "average": 6.0
    },
    "bowling": {
      "matches": 2,
      "balls": 30,
      "runs": 40,
      "wickets": 0,
      "maidens": 1.5,
      "best_bowling": "0/6",
      "overs": 5.0,
      "economy": 8.0
    }
  },
  "Chennai Super Kings": {
    "batting": {
      "matches": 1,
      "runs": 2,
      "balls": 3,
      "fours": 0,
      "sixes": 0,
      "dots": 1,
      "dismissals": 0,
      "highest": 2,
      "50s": 0,
      "100s": 0,
      "strike_rate": 66.66666666666667
    },
    "bowling": {
      "matches": 6,
      "balls": 138,
      "runs": 209,
      "wickets": 12,
      "maidens": 6.166666666666667,
      "best_bowling": "3/31",
      "overs": 23.0,
      "economy": 9.08695652173913,
      "average": 17.416666666666668,
      "strike_rate": 11.5
    }
  },
  "Punjab Kings": {
    "batting": {},
    "bowling": {
      "matches": 3,
      "balls": 73,
      "runs": 91,
      "wickets": 6,
      "maidens": 4.333333333333333,
      "best_bowling": "3/33",
      "overs": 12.166666666666666,
      "economy": 7.479452054794521,
      "average": 15.166666666666666,
      "strike_rate": 12.166666666666666
    }
  },
  "Lucknow Super Giants": {
    "batting": {},
    "bowling": {
      "matches": 3,
      "balls": 61,
      "runs": 80,
      "wickets": 8,
      "maidens": 2.6666666666666665,
      "best_bowling": "4/17",
      "overs": 10.166666666666666,
      "economy": 7.868852459016394,
      "average": 10.0,
      "strike_rate": 7.625
    }
  },
  "Delhi Capitals": {
    "batting": {
      "matches": 1,
      "runs": 2,
      "balls": 15,
      "fours": 0,
      "sixes": 0,
      "dots": 13,
      "dismissals": 1,
      "highest": 2,
      "50s": 0,
      "100s": 0,
      "strike_rate": 13.333333333333334,
      "average": 2.0
    },
    "bowling": {
      "matches": 2,
      "balls": 49,
      "runs": 106,
      "wickets": 2,
      "maidens": 1.5,
      "best_bowling": "2/33",
      "overs": 8.166666666666666,
      "economy": 12.979591836734695,
      "average": 53.0,
      "strike_rate": 24.5
    }
  },
  "Royal Challengers Bengaluru": {
    "batting": {
      "matches": 1,
      "runs": 0,
      "balls": 1,
      "fours": 0,
      "sixes": 0,
      "dots": 1,
      "dismissals": 1,
      "highest": 0,
      "50s": 0,
      "100s": 0,
      "strike_rate": 0.0,
      "average": 0.0
    },
    "bowling": {
      "matches": 2,
      "balls": 25,
      "runs": 73,
      "wickets": 0,
      "maidens": 0.8333333333333334,
      "best_bowling": "0/32",
      "overs": 4.166666666666667,
      "economy": 17.52
    }
  }
}