{
  "Delhi Daredevils": {
    "batting": {
      "matches": 16,
      "runs": 275,
      "balls": 218,
      "fours": 20,
      "sixes": 11,
      "dots": 74,
      "dismissals": 11,
      "highest": 36,
      "50s": 0,
      "100s": 0,
      "strike_rate": 126.14678899082568,
      "average": 25.0
    },
    "bowling": {
      "matches": 17,
      "balls": 268,
      "runs": 326,
      "wickets": 12,
      "maidens": 13.666666666666666,
      "best_bowling": "2/18",
      "overs": 44.666666666666664,
      "economy": 7.298507462686567,
      "average": 27.166666666666668,
      "strike_rate": 22.333333333333332
    }
  },
  "Kings XI Punjab": {
    "batting": {
      "matches": 15,
      "runs": 274,
      "balls": 224,
      "fours": 26,
      "sixes": 6,
      "dots": 86,
      "dismissals": 10,
      "highest": 37,
      "50s": 0,
      "100s": 0,
      "strike_rate": 122.32142857142857,
      "average": 27.4
    },
    "bowling": {
      "matches": 18,
      "balls": 341,
      "runs": 475,
      "wickets": 14,
      "maidens": 14.666666666666666,
      "best_bowling": "3/23",
      "overs": 56.833333333333336,
      "economy": 8.357771260997067,
      "average": 33.92857142857143,
      "strike_rate": 24.357142857142858
    }
  },
  "Deccan Chargers": {
    "batting": {
      "matches": 6,
      "runs": 107,
      "balls": 114,
      "fours": 5,
      "sixes": 4,
      "dots": 48,
      "dismissals": 5,
      "highest": 48,
      "50s": 0,
      "100s": 0,
      "strike_rate": 93.85964912280701,
      "average": 21.4
    },
    "bowling": {
      "matches": 5,
      "balls": 111,
      "runs": 117,
      "wickets": 8,
      "maidens": 7.166666666666667,
      "best_bowling": "5/16",
      "overs": 18.5,
      "economy": 6.324324324324325,
      "average": 14.625,
      "strike_rate": 13.875
    }
  },
  "Kolkata Knight Riders": {
    "batting": {
      "matches": 26,
      "runs": 457,
      "balls": 353,
      "fours": 26,
      "sixes": 24,
      "dots": 124,
      "dismissals": 12,
      "highest": 36,
      "50s": 0,
      "100s": 0,
      "strike_rate": 129.46175637393767,
      "average": 38.083333333333336
    },
    "bowling": {
      "matches": 27,
      "balls": 507,
      "runs": 615,
      "wickets": 22,
      "maidens": 28.333333333333332,
      "best_bowling": "4/12",
      "overs": 84.5,
      "economy": 7.27810650887574,
      "average": 27.954545454545453,
      "strike_rate": 23.045454545454547
    }
  },
  "Mumbai Indians": {
    "batting": {
      "matches": 23,
      "runs": 310,
      "balls": 283,
      "fours": 25,
      "sixes": 8,
      "dots": 117,
      "dismissals": 17,
      "highest": 42,
      "50s": 0,
      "100s": 0,
      "strike_rate": 109.54063604240282,
      "average": 18.235294117647058
    },
    "bowling": {
      "matches": 31,
      "balls": 503,
      "runs": 712,
      "wickets": 20,
      "maidens": 25.166666666666668,
      "best_bowling": "3/20",
      "overs": 83.83333333333333,
      "economy": 8.493041749502982,
      "average": 35.6,
      "strike_rate": 25.15
    }
  },
  "Royal Challengers Bangalore": {
    "batting": {
      "matches": 23,
      "runs": 291,
      "balls": 252,
      "fours": 19,
      "sixes": 11,
      "dots": 95,
      "dismissals": 14,
      "highest": 62,
      "50s": 1,
      "100s": 0,
      "strike_rate": 115.47619047619048,
      "average": 20.785714285714285
    },
    "bowling": {
      "matches": 27,
      "balls": 540,
      "runs": 655,
      "wickets": 28,
      "maidens": 30.333333333333332,
      "best_bowling": "3/13",
      "overs": 90.0,
      "economy": 7.277777777777778,
      "average": 23.392857142857142,
      "strike_rate": 19.285714285714285
    }
  },
  "Chennai Super Kings": {
    "batting": {
      "matches": 5,
      "runs": 99,
      "balls": 74,
      "fours": 6,
      "sixes": 5,
      "dots": 24,
      "dismissals": 4,
      "highest": 37,
      "50s": 0,
      "100s": 0,
      "strike_rate": 133.78378378378378,
      "average": 24.75
    },
    "bowling": {
      "matches": 3,
      "balls": 45,
      "runs": 56,
      "wickets": 2,
      "maidens": 2.5,
      "best_bowling": "2/26",
      "overs": 7.5,
      "economy": 7.466666666666667,
      "average": 28.0,
      "strike_rate": 22.5
    }
  },
  "Pune Warriors": {
    "batting": {
      "matches": 4,
      "runs": 125,
      "balls": 86,
      "fours": 8,
      "sixes": 7,
      "dots": 27,
      "dismissals": 4,
      "highest": 47,
      "50s": 0,
      "100s": 0,
      "strike_rate": 145.34883720930233,
      "average": 31.25
    },
    "bowling": {
      "matches": 4,
      "balls": 99,
      "runs": 104,
      "wickets": 4,
      "maidens": 6.333333333333333,
      "best_bowling": "2/28",
      "overs": 16.5,
      "economy": 6.303030303030303,
      "average": 26.0,
      "strike_rate": 24.75
    }
  },
  "Rajasthan Royals": {
    "batting": {
      "matches": 16,
      "runs": 245,
      "balls": 196,
      "fours": 18,
      "sixes": 7,
      "dots": 60,
      "dismissals": 5,
      "highest": 36,
      "50s": 0,
      "100s": 0,
      "strike_rate": 125.0,
      "average": 49.0
    },
    "bowling": {
      "matches": 21,
      "balls": 400,
      "runs": 473,
      "wickets": 22,
      "maidens": 21.5,
      "best_bowling": "4/13",
      "overs": 66.66666666666667,
      "economy": 7.095,
      "average": 21.5,
      "strike_rate": 18.181818181818183
    }
  },
  "Sunrisers Hyderabad": {
    "batting": {
      "matches": 17,
      "runs": 256,
      "balls": 215,
      "fours": 23,
      "sixes": 4,
      "dots": 68,
      "dismissals": 8,
      "highest": 50,
      "50s": 1,
      "100s": 0,
      "strike_rate": 119.06976744186046,
      "average": 32.0
    },
    "bowling": {
      "matches": 23,
      "balls": 409,
      "runs": 486,
      "wickets": 10,
      "maidens": 20.166666666666668,
      "best_bowling": "3/22",
      "overs": 68.16666666666667,
      "economy": 7.129584352078239,
      "average": 48.6,
      "strike_rate": 40.9
    }
  },
  "Rising Pune Supergiants": {
    "batting": {
      "matches": 2,
      "runs": 4,
      "balls": 11,
      "fours": 0,
      "sixes": 0,
      "dots": 7,
      "dismissals": 1,
      "highest": 4,
      "50s": 0,
      "100s": 0,
      "strike_rate": 36.36363636363637,
      "average": 4.0
    },
    "bowling": {
      "matches": 2,
      "balls": 50,
      "runs": 58,
      "wickets": 2,
      "maidens": 3.1666666666666665,
      "best_bowling": "2/19",
      "overs": 8.333333333333334,
      "economy": 6.959999999999999,
      "average": 29.0,
      "strike_rate": 25.0
    }
  },
  "Rising Pune Supergiant": {
    "batting": {
      "matches": 1,
      "runs": 19,
      "balls": 12,
      "fours": 3,
      "sixes": 0,
      "dots": 4,
      "dismissals": 1,
      "highest": 19,
      "50s": 0,
      "100s": 0,
      "strike_rate": 158.33333333333334,
      "average": 19.0
    },
    "bowling": {
      "matches": 2,
      "balls": 36,
      "runs": 59,
      "wickets": 1,
      "maidens": 1.6666666666666667,
      "best_bowling": "1/40",
      "overs": 6.0,
      "economy": 9.833333333333334,
      "average": 59.0,
      "strike_rate": 36.0
    }
  },
  "Delhi Capitals": {
    "batting": {
      "matches": 8,
      "runs": 159,
      "balls": 98,
      "fours": 12,
      "sixes": 8,
      "dots": 24,
      "dismissals": 3,
      "highest": 33,
      "50s": 0,
      "100s": 0,
      "strike_rate": 162.24489795918367,
      "average": 53.0
    },
    "bowling": {
      "matches": 11,
      "balls": 224,
      "runs": 316,
      "wickets": 12,
      "maidens": 10.333333333333334,
      "best_bowling": "3/9",
      "overs": 37.333333333333336,
      "economy": 8.464285714285714,
      "average": 26.333333333333332,
      "strike_rate": 18.666666666666668
    }
  },
  "Punjab Kings": {
    "batting": {
      "matches": 6,
      "runs": 93,
      "balls": 79,
      "fours": 5,
      "sixes": 3,
      "dots": 25,