{
  "Delhi Capitals": {
    "batting": {
      "matches": 1,
      "runs": 2,
      "balls": 2,
      "fours": 0,
      "sixes": 0,
      "dots": 0,
      "dismissals": 0,
      "highest": 2,
      "50s": 0,
      "100s": 0,
      "strike_rate": 100.0
    },
    "bowling": {
      "matches": 8,
      "balls": 187,
      "runs": 222,
      "wickets": 9,
      "maidens": 11.666666666666666,
      "best_bowling": "2/23",
      "overs": 31.166666666666668,
      "economy": 7.122994652406417,
      "average": 24.666666666666668,
      "strike_rate": 20.77777777777778
    }
  },
  "Royal Challengers Bangalore": {
    "batting": {
      "matches": 3,
      "runs": 8,
      "balls": 13,
      "fours": 0,
      "sixes": 0,
      "dots": 6,
      "dismissals": 1,
      "highest": 5,
      "50s": 0,
      "100s": 0,
      "strike_rate": 61.53846153846154,
      "average": 8.0
    },
    "bowling": {
      "matches": 8,
      "balls": 196,
      "runs": 269,
      "wickets": 8,
      "maidens": 10.0,
      "best_bowling": "3/32",
      "overs": 32.666666666666664,
      "economy": 8.23469387755102,
      "average": 33.625,
      "strike_rate": 24.5
    }
  },
  "Rajasthan Royals": {
    "batting": {},
    "bowling": {
      "matches": 7,
      "balls": 158,
      "runs": 202,
      "wickets": 6,
      "maidens": 8.333333333333334,
      "best_bowling": "3/31",
      "overs": 26.333333333333332,
      "economy": 7.670886075949367,
      "average": 33.666666666666664,
      "strike_rate": 26.333333333333332
    }
  },
  "Mumbai Indians": {
    "batting": {
      "matches": 2,
      "runs": 4,
      "balls": 11,
      "fours": 0,
      "sixes": 0,
      "dots": 7,
      "dismissals": 2,
      "highest": 3,
      "50s": 0,
      "100s": 0,
      "strike_rate": 36.36363636363637,
      "average": 2.0
    },
    "bowling": {
      "matches": 10,
      "balls": 228,
      "runs": 282,
      "wickets": 13,
      "maidens": 12.333333333333334,
      "best_bowling": "2/25",
      "overs": 38.0,
      "economy": 7.421052631578948,
      "average": 21.692307692307693,
      "strike_rate": 17.53846153846154
    }
  },
  "Chennai Super Kings": {
    "batting": {},
    "bowling": {
      "matches": 7,
      "balls": 161,
      "runs": 219,
      "wickets": 7,
      "maidens": 9.333333333333334,
      "best_bowling": "3/28",
      "overs": 26.833333333333332,
      "economy": 8.161490683229815,
      "average": 31.285714285714285,
      "strike_rate": 23.0
    }
  },
  "Sunrisers Hyderabad": {
    "batting": {
      "matches": 1,
      "runs": 6,
      "balls": 7,
      "fours": 1,
      "sixes": 0,
      "dots": 4,
      "dismissals": 0,
      "highest": 6,
      "50s": 0,
      "100s": 0,
      "strike_rate": 85.71428571428571
    },
    "bowling": {
      "matches": 7,
      "balls": 142,
      "runs": 170,
      "wickets": 8,
      "maidens": 8.333333333333334,
      "best_bowling": "3/26",
      "overs": 23.666666666666668,
      "economy": 7.183098591549295,
      "average": 21.25,
      "strike_rate": 17.75
    }
  },
  "Kolkata Knight Riders": {
    "batting": {
      "matches": 3,
      "runs": 5,
      "balls": 11,
      "fours": 0,
      "sixes": 0,
      "dots": 7,
      "dismissals": 3,
      "highest": 2,
      "50s": 0,
      "100s": 0,
      "strike_rate": 45.45454545454545,
      "average": 1.6666666666666667
    },
    "bowling": {
      "matches": 9,
      "balls": 206,
      "runs": 226,
      "wickets": 11,
      "maidens": 12.0,
      "best_bowling": "2/20",
      "overs": 34.333333333333336,
      "economy": 6.58252427184466,
      "average": 20.545454545454547,
      "strike_rate": 18.727272727272727
    }
  },
  "Gujarat Titans": {
    "batting": {
      "matches": 2,
      "runs": 4,
      "balls": 6,
      "fours": 1,
      "sixes": 0,
      "dots": 5,
      "dismissals": 0,
      "highest": 4,
      "50s": 0,
      "100s": 0,
      "strike_rate": 66.66666666666667
    },
    "bowling": {
      "matches": 4,
      "balls": 76,
      "runs": 112,
      "wickets": 1,
      "maidens": 3.6666666666666665,
      "best_bowling": "1/8",
      "overs": 12.666666666666666,
      "economy": 8.842105263157896,
      "average": 112.0,
      "strike_rate": 76.0
    }
  },
  "Punjab Kings": {
    "batting": {
      "matches": 2,
      "runs": 3,
      "balls": 2,
      "fours": 0,
      "sixes": 0,
      "dots": 1,
      "dismissals": 1,
      "highest": 3,
      "50s": 0,
      "100s": 0,
      "strike_rate": 150.0,
      "average": 3.0
    },
    "bowling": {
      "matches": 4,
      "balls": 86,
      "runs": 126,
      "wickets": 5,
      "maidens": 5.333333333333333,
      "best_bowling": "2/18",
      "overs": 14.333333333333334,
      "economy": 8.790697674418604,
      "average": 25.2,
      "strike_rate": 17.2
    }
  },
  "Royal Challengers Bengaluru": {
    "batting": {},
    "bowling": {
      "matches": 1,
      "balls": 20,
      "runs": 33,
      "wickets": 0,
      "maidens": 1.0,
      "best_bowling": "0/33",
      "overs": 3.3333333333333335,
      "economy": 9.9
    }
  }
}