{
  "Rajasthan Royals": {
    "batting": {
      "matches": 13,
      "runs": 257,
      "balls": 167,
      "fours": 32,
      "sixes": 14,
      "dots": 81,
      "dismissals": 10,
      "highest": 109,
      "50s": 0,
      "100s": 1,
      "strike_rate": 153.89221556886227,
      "average": 25.7
    },
    "bowling": {
      "matches": 19,
      "balls": 459,
      "runs": 557,
      "wickets": 15,
      "maidens": 29.5,
      "best_bowling": "2/25",
      "overs": 76.5,
      "economy": 7.281045751633987,
      "average": 37.13333333333333,
      "strike_rate": 30.6
    }
  },
  "Kings XI Punjab": {
    "batting": {
      "matches": 10,
      "runs": 170,
      "balls": 102,
      "fours": 19,
      "sixes": 10,
      "dots": 45,
      "dismissals": 7,
      "highest": 75,
      "50s": 1,
      "100s": 0,
      "strike_rate": 166.66666666666666,
      "average": 24.285714285714285
    },
    "bowling": {
      "matches": 19,
      "balls": 445,
      "runs": 519,
      "wickets": 31,
      "maidens": 29.5,
      "best_bowling": "5/20",
      "overs": 74.16666666666667,
      "economy": 6.997752808988763,
      "average": 16.741935483870968,
      "strike_rate": 14.35483870967742
    }
  },
  "Deccan Chargers": {
    "batting": {},
    "bowling": {
      "matches": 1,
      "balls": 24,
      "runs": 27,
      "wickets": 2,
      "maidens": 1.6666666666666667,
      "best_bowling": "2/27",
      "overs": 4.0,
      "economy": 6.75,
      "average": 13.5,
      "strike_rate": 12.0
    }
  },
  "Royal Challengers Bangalore": {
    "batting": {
      "matches": 10,
      "runs": 232,
      "balls": 130,
      "fours": 26,
      "sixes": 15,
      "dots": 55,
      "dismissals": 8,
      "highest": 54,
      "50s": 2,
      "100s": 0,
      "strike_rate": 178.46153846153845,
      "average": 29.0
    },
    "bowling": {
      "matches": 18,
      "balls": 435,
      "runs": 474,
      "wickets": 23,
      "maidens": 28.666666666666668,
      "best_bowling": "4/21",
      "overs": 72.5,
      "economy": 6.537931034482758,
      "average": 20.608695652173914,
      "strike_rate": 18.91304347826087
    }
  },
  "Chennai Super Kings": {
    "batting": {
      "matches": 13,
      "runs": 123,
      "balls": 96,
      "fours": 9,
      "sixes": 10,
      "dots": 57,
      "dismissals": 11,
      "highest": 32,
      "50s": 0,
      "100s": 0,
      "strike_rate": 128.125,
      "average": 11.181818181818182
    },
    "bowling": {
      "matches": 20,
      "balls": 470,
      "runs": 503,
      "wickets": 25,
      "maidens": 27.333333333333332,
      "best_bowling": "3/41",
      "overs": 78.33333333333333,
      "economy": 6.421276595744681,
      "average": 20.12,
      "strike_rate": 18.8
    }
  },
  "Pune Warriors": {
    "batting": {},
    "bowling": {
      "matches": 4,
      "balls": 96,
      "runs": 70,
      "wickets": 5,
      "maidens": 8.666666666666666,
      "best_bowling": "2/12",
      "overs": 16.0,
      "economy": 4.375,
      "average": 14.0,
      "strike_rate": 19.2
    }
  },
  "Delhi Daredevils": {
    "batting": {
      "matches": 5,
      "runs": 36,
      "balls": 22,
      "fours": 2,
      "sixes": 3,
      "dots": 9,
      "dismissals": 3,
      "highest": 26,
      "50s": 0,
      "100s": 0,
      "strike_rate": 163.63636363636363,
      "average": 12.0
    },
    "bowling": {
      "matches": 13,
      "balls": 299,
      "runs": 325,
      "wickets": 23,
      "maidens": 20.0,
      "best_bowling": "5/13",
      "overs": 49.833333333333336,
      "economy": 6.521739130434782,
      "average": 14.130434782608695,
      "strike_rate": 13.0
    }
  },
  "Mumbai Indians": {
    "batting": {
      "matches": 12,
      "runs": 51,
      "balls": 59,
      "fours": 4,
      "sixes": 3,
      "dots": 35,
      "dismissals": 10,
      "highest": 10,
      "50s": 0,
      "100s": 0,
      "strike_rate": 86.44067796610169,
      "average": 5.1
    },
    "bowling": {
      "matches": 23,
      "balls": 544,
      "runs": 617,
      "wickets": 28,
      "maidens": 36.166666666666664,
      "best_bowling": "4/15",
      "overs": 90.66666666666667,
      "economy": 6.805147058823529,
      "average": 22.035714285714285,
      "strike_rate": 19.428571428571427
    }
  },
  "Sunrisers Hyderabad": {
    "batting": {
      "matches": 16,
      "runs": 135,
      "balls": 95,
      "fours": 17,
      "sixes": 7,
      "dots": 49,
      "dismissals": 13,
      "highest": 29,
      "50s": 0,
      "100s": 0,
      "strike_rate": 142.10526315789474,
      "average": 10.384615384615385
    },
    "bowling": {
      "matches": 25,
      "balls": 585,
      "runs": 641,
      "wickets": 16,
      "maidens": 34.833333333333336,
      "best_bowling": "3/28",
      "overs": 97.5,
      "economy": 6.574358974358974,
      "average": 40.0625,
      "strike_rate": 36.5625
    }
  },
  "Rising Pune Supergiants": {
    "batting": {},
    "bowling": {
      "matches": 2,
      "balls": 46,
      "runs": 45,
      "wickets": 2,
      "maidens": 3.3333333333333335,
      "best_bowling": "1/12",
      "overs": 7.666666666666667,
      "economy": 5.869565217391304,
      "average": 22.5,
      "strike_rate": 23.0
    }
  },
  "Gujarat Lions": {
    "batting": {
      "matches": 2,
      "runs": 44,
      "balls": 24,
      "fours": 9,
      "sixes": 1,
      "dots": 12,
      "dismissals": 1,
      "highest": 42,
      "50s": 0,
      "100s": 0,
      "strike_rate": 183.33333333333334,
      "average": 44.0
    },
    "bowling": {
      "matches": 3,
      "balls": 74,
      "runs": 105,
      "wickets": 2,
      "maidens": 4.0,
      "best_bowling": "2/30",
      "overs": 12.333333333333334,
      "economy": 8.513513513513512,
      "average": 52.5,
      "strike_rate": 37.0
    }
  },
  "Rising Pune Supergiant": {
    "batting": {
      "matches": 2,
      "runs": 16,
      "balls": 18,
      "fours": 3,
      "sixes": 0,
      "dots": 11,
      "dismissals": 1,
      "highest": 16,
      "50s": 0,
      "100s": 0,
      "strike_rate": 88.88888888888889,
      "average": 16.0
    },
    "bowling": {
      "matches": 2,
      "balls": 49,
      "runs": 62,
      "wickets": 2,
      "maidens": 2.5,
      "best_bowling": "1/28",
      "overs": 8.166666666666666,
      "economy": 7.591836734693878,
      "average": 31.0,
      "strike_rate": 24.5
    }
  },
  "Delhi Capitals": {
    "batting": {
      "matches": 10,
      "runs": 196,
      "balls": 113,
      "fours": 19,
      "sixes": 13,
      "dots": 46,
      "dismissals": 10,
      "highest": 85,
      "50s": 2,
      "100s": 0,
      "strike_rate": 173.4513274336283,
      "average": 19.6
    },
    "bowling": {
      "matches": 10,
      "balls": 233,
      "runs": 277,
      "wickets": 8,
      "maidens": 13.166666666666666,
      "best_bowling": "2/18",
      "overs": 38.833333333333336,
      "economy": 7.133047210300429,
      "average": 34.625,
      "strike_rate": 29.125
    }
  },
  "Punjab Kings": {
    "batting": {
      "matches": 4,
      "runs": 81,
      "balls": 46,
      "fours": 9,
      "sixes": 5,
      "dots": 19,
      "dismissals": 2,
      "highest": 71,
      "50s": 1,
      "100s": 0,
      "strike_rate": 176.08695652173913,
      "average": 40.5
    },
    "bowling": {
      "matches": 6,
      "balls": 150,
      "runs": 172,
      "wickets": 6,
      "maidens": 9.5,
      "best_bowling": "2/22",
      "overs": 25.0,
      "economy": 6.88,
      "average": 28.666666666666668,
      "strike_rate": 25.0
    }
  },
  "Gujarat Titans": {
    "batting": {
      "matches": 2,
      "runs": 5,
      "balls": 6,
      "fours": 1,
      "sixes": 0,
      "dots": 4,
      "dismissals": 2,
      "highest": 5,
      "50s": 0,
      "100s": 0,
      "strike_rate": 83.33333333333333,
      "average": 2.5
    },
    "bowling": {
      "matches": 3,
      "balls": 67,
      "runs": 88,
      "wickets": 4,
      "maidens": 3.0,
      "best_bowling": "3/33",