{
  "Chennai Super Kings": {
    "batting": {
      "matches": 3,
      "runs": 7,
      "balls": 5,
      "fours": 0,
      "sixes": 1,
      "dots": 3,
      "dismissals": 2,
      "highest": 6,
      "50s": 0,
      "100s": 0,
      "strike_rate": 140.0,
      "average": 3.5
    },
    "bowling": {
      "matches": 12,
      "balls": 279,
      "runs": 394,
      "wickets": 15,
      "maidens": 20.833333333333332,
      "best_bowling": "4/18",
      "overs": 46.5,
      "economy": 8.473118279569892,
      "average": 26.266666666666666,
      "strike_rate": 18.6
    }
  },
  "Royal Challengers Bangalore": {
    "batting": {
      "matches": 2,
      "runs": 5,
      "balls": 10,
      "fours": 0,
      "sixes": 0,
      "dots": 6,
      "dismissals": 1,
      "highest": 5,
      "50s": 0,
      "100s": 0,
      "strike_rate": 50.0,
      "average": 5.0
    },
    "bowling": {
      "matches": 11,
      "balls": 268,
      "runs": 362,
      "wickets": 16,
      "maidens": 18.166666666666668,
      "best_bowling": "3/36",
      "overs": 44.666666666666664,
      "economy": 8.104477611940299,
      "average": 22.625,
      "strike_rate": 16.75
    }
  },
  "Rajasthan Royals": {
    "batting": {},
    "bowling": {
      "matches": 8,
      "balls": 190,
      "runs": 238,
      "wickets": 10,
      "maidens": 11.666666666666666,
      "best_bowling": "3/26",
      "overs": 31.666666666666668,
      "economy": 7.51578947368421,
      "average": 23.8,
      "strike_rate": 19.0
    }
  },
  "Mumbai Indians": {
    "batting": {
      "matches": 4,
      "runs": 7,
      "balls": 11,
      "fours": 0,
      "sixes": 0,
      "dots": 6,
      "dismissals": 0,
      "highest": 5,
      "50s": 0,
      "100s": 0,
      "strike_rate": 63.63636363636363
    },
    "bowling": {
      "matches": 11,
      "balls": 274,
      "runs": 384,
      "wickets": 14,
      "maidens": 15.666666666666666,
      "best_bowling": "3/23",
      "overs": 45.666666666666664,
      "economy": 8.408759124087592,
      "average": 27.428571428571427,
      "strike_rate": 19.571428571428573
    }
  },
  "Kings XI Punjab": {
    "batting": {},
    "bowling": {
      "matches": 7,
      "balls": 171,
      "runs": 263,
      "wickets": 9,
      "maidens": 10.0,
      "best_bowling": "3/19",
      "overs": 28.5,
      "economy": 9.228070175438596,
      "average": 29.22222222222222,
      "strike_rate": 19.0
    }
  },
  "Gujarat Lions": {
    "batting": {},
    "bowling": {
      "matches": 2,
      "balls": 51,
      "runs": 80,
      "wickets": 2,
      "maidens": 3.1666666666666665,
      "best_bowling": "1/39",
      "overs": 8.5,
      "economy": 9.411764705882353,
      "average": 40.0,
      "strike_rate": 25.5
    }
  },
  "Sunrisers Hyderabad": {
    "batting": {
      "matches": 1,
      "runs": 0,
      "balls": 3,
      "fours": 0,
      "sixes": 0,
      "dots": 3,
      "dismissals": 0,
      "highest": 0,
      "50s": 0,
      "100s": 0,
      "strike_rate": 0.0
    },
    "bowling": {
      "matches": 12,
      "balls": 289,
      "runs": 386,
      "wickets": 17,
      "maidens": 18.5,
      "best_bowling": "4/28",
      "overs": 48.166666666666664,
      "economy": 8.013840830449828,
      "average": 22.705882352941178,
      "strike_rate": 17.0
    }
  },
  "Kolkata Knight Riders": {
    "batting": {
      "matches": 2,
      "runs": 0,
      "balls": 3,
      "fours": 0,
      "sixes": 0,
      "dots": 3,
      "dismissals": 1,
      "highest": 0,
      "50s": 0,
      "100s": 0,
      "strike_rate": 0.0,
      "average": 0.0
    },
    "bowling": {
      "matches": 10,
      "balls": 227,
      "runs": 305,
      "wickets": 14,
      "maidens": 16.666666666666668,
      "best_bowling": "2/16",
      "overs": 37.833333333333336,
      "economy": 8.061674008810572,
      "average": 21.785714285714285,
      "strike_rate": 16.214285714285715
    }
  },
  "Delhi Capitals": {
    "batting": {
      "matches": 3,
      "runs": 6,
      "balls": 8,
      "fours": 0,
      "sixes": 0,
      "dots": 2,
      "dismissals": 0,
      "highest": 3,
      "50s": 0,
      "100s": 0,
      "strike_rate": 75.0
    },
    "bowling": {
      "matches": 11,
      "balls": 252,
      "runs": 329,
      "wickets": 16,
      "maidens": 18.833333333333332,
      "best_bowling": "3/21",
      "overs": 42.0,
      "economy": 7.833333333333333,
      "average": 20.5625,
      "strike_rate": 15.75
    }
  },
  "Punjab Kings": {
    "batting": {
      "matches": 2,
      "runs": 13,
      "balls": 11,
      "fours": 2,
      "sixes": 0,
      "dots": 5,
      "dismissals": 1,
      "highest": 12,
      "50s": 0,
      "100s": 0,
      "strike_rate": 118.18181818181819,
      "average": 13.0
    },
    "bowling": {
      "matches": 7,
      "balls": 155,
      "runs": 218,
      "wickets": 3,
      "maidens": 10.333333333333334,
      "best_bowling": "1/22",
      "overs": 25.833333333333332,
      "economy": 8.438709677419356,
      "average": 72.66666666666667,
      "strike_rate": 51.666666666666664
    }
  },
  "Lucknow Super Giants": {
    "batting": {
      "matches": 2,
      "runs": 19,
      "balls": 10,
      "fours": 2,
      "sixes": 0,
      "dots": 1,
      "dismissals": 0,
      "highest": 17,
      "50s": 0,
      "100s": 0,
      "strike_rate": 190.0
    },
    "bowling": {
      "matches": 5,
      "balls": 123,
      "runs": 143,
      "wickets": 8,
      "maidens": 10.333333333333334,
      "best_bowling": "2/19",
      "overs": 20.5,
      "economy": 6.975609756097561,
      "average": 17.875,
      "strike_rate": 15.375
    }
  },
  "Gujarat Titans": {
    "batting": {
      "matches": 3,
      "runs": 26,
      "balls": 21,
      "fours": 1,
      "sixes": 2,
      "dots": 9,
      "dismissals": 2,
      "highest": 15,
      "50s": 0,
      "100s": 0,
      "strike_rate": 123.80952380952381,
      "average": 13.0
    },
    "bowling": {
      "matches": 5,
      "balls": 106,
      "runs": 135,
      "wickets": 3,
      "maidens": 7.5,
      "best_bowling": "1/15",
      "overs": 17.666666666666668,
      "economy": 7.641509433962264,
      "average": 45.0,
      "strike_rate": 35.333333333333336
    }
  },
  "Royal Challengers Bengaluru": {
    "batting": {},
    "bowling": {
      "matches": 2,
      "balls": 43,
      "runs": 49,
      "wickets": 1,
      "maidens": 2.6666666666666665,
      "best_bowling": "1/18",
      "overs": 7.166666666666667,
      "economy": 6.837209302325581,
      "average": 49.0,
      "strike_rate": 43.0
    }
  }
}