{
  "Sunrisers Hyderabad": {
    "batting": {
      "matches": 5,
      "runs": 35,
      "balls": 41,
      "fours": 3,
      "sixes": 0,
      "dots": 17,
      "dismissals": 4,
      "highest": 21,
      "50s": 0,
      "100s": 0,
      "strike_rate": 85.36585365853658,
      "average": 8.75
    },
    "bowling": {
      "matches": 7,
      "balls": 106,
      "runs": 127,
      "wickets": 4,
      "maidens": 7.333333333333333,
      "best_bowling": "3/24",
      "overs": 17.666666666666668,
      "economy": 7.188679245283018,
      "average": 31.75,
      "strike_rate": 26.5
    }
  },
  "Mumbai Indians": {
    "batting": {
      "matches": 8,
      "runs": 49,
      "balls": 54,
      "fours": 4,
      "sixes": 0,
      "dots": 28,
      "dismissals": 5,
      "highest": 10,
      "50s": 0,
      "100s": 0,
      "strike_rate": 90.74074074074075,
      "average": 9.8
    },
    "bowling": {
      "matches": 10,
      "balls": 194,
      "runs": 210,
      "wickets": 7,
      "maidens": 12.833333333333334,
      "best_bowling": "3/16",
      "overs": 32.333333333333336,
      "economy": 6.494845360824741,
      "average": 30.0,
      "strike_rate": 27.714285714285715
    }
  },
  "Kolkata Knight Riders": {
    "batting": {
      "matches": 2,
      "runs": 5,
      "balls": 12,
      "fours": 0,
      "sixes": 0,
      "dots": 7,
      "dismissals": 1,
      "highest": 4,
      "50s": 0,
      "100s": 0,
      "strike_rate": 41.666666666666664,
      "average": 5.0
    },
    "bowling": {
      "matches": 8,
      "balls": 164,
      "runs": 228,
      "wickets": 9,
      "maidens": 8.833333333333334,
      "best_bowling": "3/21",
      "overs": 27.333333333333332,
      "economy": 8.341463414634147,
      "average": 25.333333333333332,
      "strike_rate": 18.22222222222222
    }
  },
  "Royal Challengers Bangalore": {
    "batting": {},
    "bowling": {
      "matches": 1,
      "balls": 12,
      "runs": 7,
      "wickets": 1,
      "maidens": 0.8333333333333334,
      "best_bowling": "1/7",
      "overs": 2.0,
      "economy": 3.5,
      "average": 7.0,
      "strike_rate": 12.0
    }
  },
  "Gujarat Lions": {
    "batting": {},
    "bowling": {
      "matches": 1,
      "balls": 12,
      "runs": 12,
      "wickets": 0,
      "maidens": 1.3333333333333333,
      "best_bowling": "0/12",
      "overs": 2.0,
      "economy": 6.0
    }
  },
  "Delhi Daredevils": {
    "batting": {
      "matches": 1,
      "runs": 5,
      "balls": 3,
      "fours": 0,
      "sixes": 0,
      "dots": 0,
      "dismissals": 0,
      "highest": 5,
      "50s": 0,
      "100s": 0,
      "strike_rate": 166.66666666666666
    },
    "bowling": {
      "matches": 2,
      "balls": 42,
      "runs": 55,
      "wickets": 2,
      "maidens": 2.0,
      "best_bowling": "1/23",
      "overs": 7.0,
      "economy": 7.857142857142857,
      "average": 27.5,
      "strike_rate": 21.0
    }
  },
  "Kings XI Punjab": {
    "batting": {
      "matches": 3,
      "runs": 52,
      "balls": 46,
      "fours": 5,
      "sixes": 1,
      "dots": 17,
      "dismissals": 2,
      "highest": 30,
      "50s": 0,
      "100s": 0,
      "strike_rate": 113.04347826086956,
      "average": 26.0
    },
    "bowling": {
      "matches": 4,
      "balls": 72,
      "runs": 96,
      "wickets": 2,
      "maidens": 3.3333333333333335,
      "best_bowling": "2/23",
      "overs": 12.0,
      "economy": 8.0,
      "average": 48.0,
      "strike_rate": 36.0
    }
  },
  "Rajasthan Royals": {
    "batting": {
      "matches": 3,
      "runs": 76,
      "balls": 42,
      "fours": 6,
      "sixes": 5,
      "dots": 15,
      "dismissals": 3,
      "highest": 40,
      "50s": 0,
      "100s": 0,
      "strike_rate": 180.95238095238096,
      "average": 25.333333333333332
    },
    "bowling": {
      "matches": 6,
      "balls": 121,
      "runs": 178,
      "wickets": 1,
      "maidens": 5.5,
      "best_bowling": "1/24",
      "overs": 20.166666666666668,
      "economy": 8.826446280991735,
      "average": 178.0,
      "strike_rate": 121.0
    }
  },
  "Chennai Super Kings": {
    "batting": {
      "matches": 6,
      "runs": 46,
      "balls": 35,
      "fours": 4,
      "sixes": 2,
      "dots": 13,
      "dismissals": 3,
      "highest": 13,
      "50s": 0,
      "100s": 0,
      "strike_rate": 131.42857142857142,
      "average": 15.333333333333334
    },
    "bowling": {
      "matches": 6,
      "balls": 100,
      "runs": 107,
      "wickets": 4,
      "maidens": 5.833333333333333,
      "best_bowling": "2/16",
      "overs": 16.666666666666668,
      "economy": 6.42,
      "average": 26.75,
      "strike_rate": 25.0
    }
  },
  "Delhi Capitals": {
    "batting": {
      "matches": 5,
      "runs": 48,
      "balls": 38,
      "fours": 6,
      "sixes": 0,
      "dots": 10,
      "dismissals": 3,
      "highest": 24,
      "50s": 0,
      "100s": 0,
      "strike_rate": 126.3157894736842,
      "average": 16.0
    },
    "bowling": {
      "matches": 6,
      "balls": 132,
      "runs": 176,
      "wickets": 6,
      "maidens": 6.5,
      "best_bowling": "3/28",
      "overs": 22.0,
      "economy": 8.0,
      "average": 29.333333333333332,
      "strike_rate": 22.0
    }
  },
  "Lucknow Super Giants": {
    "batting": {
      "matches": 2,
      "runs": 34,
      "balls": 43,
      "fours": 1,
      "sixes": 0,
      "dots": 15,
      "dismissals": 2,
      "highest": 18,
      "50s": 0,
      "100s": 0,
      "strike_rate": 79.06976744186046,
      "average": 17.0
    },
    "bowling": {
      "matches": 2,
      "balls": 30,
      "runs": 39,
      "wickets": 2,
      "maidens": 1.8333333333333333,
      "best_bowling": "2/28",
      "overs": 5.0,
      "economy": 7.8,
      "average": 19.5,
      "strike_rate": 15.0
    }
  },
  "Gujarat Titans": {
    "batting": {
      "matches": 2,
      "runs": 3,
      "balls": 6,
      "fours": 0,
      "sixes": 0,
      "dots": 3,
      "dismissals": 2,
      "highest": 3,
      "50s": 0,
      "100s": 0,
      "strike_rate": 50.0,
      "average": 1.5
    },
    "bowling": {
      "matches": 3,
      "balls": 61,
      "runs": 75,
      "wickets": 0,
      "maidens": 2.0,
      "best_bowling": "0/14",
      "overs": 10.166666666666666,
      "economy": 7.3770491803278695
    }
  },
  "Punjab Kings": {
    "batting": {
      "matches": 1,
      "runs": 25,
      "balls": 21,
      "fours": 3,
      "sixes": 1,
      "dots": 10,
      "dismissals": 1,
      "highest": 25,
      "50s": 0,
      "100s": 0,
      "strike_rate": 119.04761904761905,
      "average": 25.0
    },
    "bowling": {
      "matches": 2,
      "balls": 18,
      "runs": 25,
      "wickets": 1,
      "maidens": 1.1666666666666667,
      "best_bowling": "1/19",
      "overs": 3.0,
      "economy": 8.333333333333334,
      "average": 25.0,
      "strike_rate": 18.0
    }
  }
}