{
  "Kolkata Knight Riders": {
    "batting": {
      "matches": 2,
      "runs": 2,
      "balls": 8,
      "fours": 0,
      "sixes": 0,
      "dots": 6,
      "dismissals": 1,
      "highest": 2,
      "50s": 0,
      "100s": 0,
      "strike_rate": 25.0,
      "average": 2.0
    },
    "bowling": {
      "matches": 22,
      "balls": 508,
      "runs": 670,
      "wickets": 29,
      "maidens": 28.333333333333332,
      "best_bowling": "5/40",
      "overs": 84.66666666666667,
      "economy": 7.913385826771653,
      "average": 23.103448275862068,
      "strike_rate": 17.517241379310345
    }
  },
  "Delhi Daredevils": {
    "batting": {},
    "bowling": {
      "matches": 9,
      "balls": 192,
      "runs": 243,
      "wickets": 13,
      "maidens": 11.833333333333334,
      "best_bowling": "3/26",
      "overs": 32.0,
      "economy": 7.59375,
      "average": 18.692307692307693,
      "strike_rate": 14.76923076923077
    }
  },
  "Mumbai Indians": {
    "batting": {},
    "bowling": {
      "matches": 20,
      "balls": 470,
      "runs": 630,
      "wickets": 30,
      "maidens": 28.166666666666668,
      "best_bowling": "4/42",
      "overs": 78.33333333333333,
      "economy": 8.042553191489363,
      "average": 21.0,
      "strike_rate": 15.666666666666666
    }
  },
  "Rajasthan Royals": {
    "batting": {
      "matches": 1,
      "runs": 0,
      "balls": 4,
      "fours": 0,
      "sixes": 0,
      "dots": 4,
      "dismissals": 0,
      "highest": 0,
      "50s": 0,
      "100s": 0,
      "strike_rate": 0.0
    },
    "bowling": {
      "matches": 12,
      "balls": 250,
      "runs": 258,
      "wickets": 18,
      "maidens": 16.666666666666668,
      "best_bowling": "3/25",
      "overs": 41.666666666666664,
      "economy": 6.192,
      "average": 14.333333333333334,
      "strike_rate": 13.88888888888889
    }
  },
  "Kings XI Punjab": {
    "batting": {
      "matches": 3,
      "runs": 6,
      "balls": 10,
      "fours": 0,
      "sixes": 0,
      "dots": 4,
      "dismissals": 1,
      "highest": 4,
      "50s": 0,
      "100s": 0,
      "strike_rate": 60.0,
      "average": 6.0
    },
    "bowling": {
      "matches": 14,
      "balls": 282,
      "runs": 379,
      "wickets": 23,
      "maidens": 15.666666666666666,
      "best_bowling": "4/25",
      "overs": 47.0,
      "economy": 8.063829787234043,
      "average": 16.47826086956522,
      "strike_rate": 12.26086956521739
    }
  },
  "Sunrisers Hyderabad": {
    "batting": {
      "matches": 3,
      "runs": 5,
      "balls": 11,
      "fours": 0,
      "sixes": 0,
      "dots": 6,
      "dismissals": 1,
      "highest": 3,
      "50s": 0,
      "100s": 0,
      "strike_rate": 45.45454545454545,
      "average": 5.0
    },
    "bowling": {
      "matches": 21,
      "balls": 499,
      "runs": 632,
      "wickets": 28,
      "maidens": 26.666666666666668,
      "best_bowling": "4/17",
      "overs": 83.16666666666667,
      "economy": 7.599198396793587,
      "average": 22.571428571428573,
      "strike_rate": 17.821428571428573
    }
  },
  "Chennai Super Kings": {
    "batting": {
      "matches": 2,
      "runs": 12,
      "balls": 33,
      "fours": 0,
      "sixes": 0,
      "dots": 24,
      "dismissals": 1,
      "highest": 8,
      "50s": 0,
      "100s": 0,
      "strike_rate": 36.36363636363637,
      "average": 12.0
    },
    "bowling": {
      "matches": 17,
      "balls": 394,
      "runs": 445,
      "wickets": 19,
      "maidens": 24.333333333333332,
      "best_bowling": "3/40",
      "overs": 65.66666666666667,
      "economy": 6.776649746192893,
      "average": 23.42105263157895,
      "strike_rate": 20.736842105263158
    }
  },
  "Gujarat Lions": {
    "batting": {
      "matches": 1,
      "runs": 1,
      "balls": 2,
      "fours": 0,
      "sixes": 0,
      "dots": 1,
      "dismissals": 1,
      "highest": 1,
      "50s": 0,
      "100s": 0,
      "strike_rate": 50.0,
      "average": 1.0
    },
    "bowling": {
      "matches": 5,
      "balls": 118,
      "runs": 155,
      "wickets": 8,
      "maidens": 6.166666666666667,
      "best_bowling": "3/19",
      "overs": 19.666666666666668,
      "economy": 7.881355932203389,
      "average": 19.375,
      "strike_rate": 14.75
    }
  },
  "Rising Pune Supergiants": {
    "batting": {},
    "bowling": {
      "matches": 1,
      "balls": 27,
      "runs": 38,
      "wickets": 1,
      "maidens": 1.3333333333333333,
      "best_bowling": "1/38",
      "overs": 4.5,
      "economy": 8.444444444444445,
      "average": 38.0,
      "strike_rate": 27.0
    }
  },
  "Rising Pune Supergiant": {
    "batting": {
      "matches": 2,
      "runs": 5,
      "balls": 11,
      "fours": 0,
      "sixes": 0,
      "dots": 7,
      "dismissals": 0,
      "highest": 4,
      "50s": 0,
      "100s": 0,
      "strike_rate": 45.45454545454545
    },
    "bowling": {
      "matches": 2,
      "balls": 20,
      "runs": 36,
      "wickets": 0,
      "maidens": 0.6666666666666666,
      "best_bowling": "0/11",
      "overs": 3.3333333333333335,
      "economy": 10.799999999999999
    }
  },
  "Delhi Capitals": {
    "batting": {
      "matches": 2,
      "runs": 1,
      "balls": 2,
      "fours": 0,
      "sixes": 0,
      "dots": 1,
      "dismissals": 0,
      "highest": 1,
      "50s": 0,
      "100s": 0,
      "strike_rate": 50.0
    },
    "bowling": {
      "matches": 11,
      "balls": 246,
      "runs": 345,
      "wickets": 11,
      "maidens": 12.0,
      "best_bowling": "3/28",
      "overs": 41.0,
      "economy": 8.414634146341463,
      "average": 31.363636363636363,
      "strike_rate": 22.363636363636363
    }
  },
  "Punjab Kings": {
    "batting": {},
    "bowling": {
      "matches": 7,
      "balls": 180,
      "runs": 246,
      "wickets": 12,
      "maidens": 8.333333333333334,
      "best_bowling": "3/29",
      "overs": 30.0,
      "economy": 8.2,
      "average": 20.5,
      "strike_rate": 15.0
    }
  },
  "Royal Challengers Bangalore": {
    "batting": {},
    "bowling": {
      "matches": 5,
      "balls": 128,
      "runs": 151,
      "wickets": 6,
      "maidens": 6.166666666666667,
      "best_bowling": "3/15",
      "overs": 21.333333333333332,
      "economy": 7.078125,
      "average": 25.166666666666668,
      "strike_rate": 21.333333333333332
    }
  },
  "Lucknow Super Giants": {
    "batting": {},
    "bowling": {
      "matches": 5,
      "balls": 119,
      "runs": 190,
      "wickets": 6,
      "maidens": 4.5,
      "best_bowling": "4/41",
      "overs": 19.833333333333332,
      "economy": 9.579831932773109,
      "average": 31.666666666666668,
      "strike_rate": 19.833333333333332
    }
  },
  "Gujarat Titans": {
    "batting": {
      "matches": 1,
      "runs": 5,
      "balls": 8,
      "fours": 0,
      "sixes": 0,
      "dots": 4,
      "dismissals": 1,
      "highest": 5,
      "50s": 0,
      "100s": 0,
      "strike_rate": 62.5,
      "average": 5.0
    },
    "bowling": {
      "matches": 6,
      "balls": 146,
      "runs": 186,
      "wickets": 6,
      "maidens": 5.666666666666667,
      "best_bowling": "2/44",
      "overs": 24.333333333333332,
      "economy": 7.6438356164383565,
      "average": 31.0,
      "strike_rate": 24.333333333333332
    }
  },
  "Royal Challengers Bengaluru": {
    "batting": {},
    "bowling": {
      "matches": 2,
      "balls": 49,
      "runs": 77,
      "wickets": 3,
      "maidens": 2.5,
      "best_bowling": "2/34",
      "overs": 8.166666666666666,
      "economy": 9.428571428571429,
      "average": 25.666666666666668,
      "strike_rate": 16.333333333333332
    }
  }
}