{
  "total_matches": 13,
  "batting_first_wins": 6,
  "batting_second_wins": 7,
  "win_percentage_batting_first": 46.15,
  "avg_first_innings_runs": 157.46153846153845,
  "avg_second_innings_runs": 130.69230769230768,
  "avg_first_innings_wickets": 6.3076923076923075,
  "avg_second_innings_wickets": 6.230769230769231
}