{
  "total_matches": 65,
  "batting_first_wins": 32,
  "batting_second_wins": 33,
  "win_percentage_batting_first": 49.23,
  "avg_first_innings_runs": 168.06153846153848,
  "avg_second_innings_runs": 143.27692307692308,
  "avg_first_innings_wickets": 6.061538461538461,
  "avg_second_innings_wickets": 5.338461538461538
}