{
  "total_matches": 35,
  "batting_first_wins": 13,
  "batting_second_wins": 22,
  "win_percentage_batting_first": 37.14,
  "avg_first_innings_runs": 163.28571428571428,
  "avg_second_innings_runs": 150.62857142857143,
  "avg_first_innings_wickets": 6.371428571428571,
  "avg_second_innings_wickets": 5.371428571428571
}