{
  "total_matches": 49,
  "batting_first_wins": 26,
  "batting_second_wins": 23,
  "win_percentage_batting_first": 53.06,
  "avg_first_innings_runs": 156.14285714285714,
  "avg_second_innings_runs": 146.9795918367347,
  "avg_first_innings_wickets": 6.36734693877551,
  "avg_second_innings_wickets": 5.163265306122449
}