{
  "total_matches": 13,
  "batting_first_wins": 7,
  "batting_second_wins": 6,
  "win_percentage_batting_first": 53.85,
  "avg_first_innings_runs": 188.3846153846154,
  "avg_second_innings_runs": 176.46153846153845,
  "avg_first_innings_wickets": 5.769230769230769,
  "avg_second_innings_wickets": 5.3076923076923075
}