{
  "total_matches": 47,
  "batting_first_wins": 27,
  "batting_second_wins": 20,
  "win_percentage_batting_first": 57.45,
  "avg_first_innings_runs": 157.68085106382978,
  "avg_second_innings_runs": 145.80851063829786,
  "avg_first_innings_wickets": 5.787234042553192,
  "avg_second_innings_wickets": 5.23404255319149
}