{
  "total_matches": 73,
  "batting_first_wins": 38,
  "batting_second_wins": 35,
  "win_percentage_batting_first": 52.05,
  "avg_first_innings_runs": 166.02739726027397,
  "avg_second_innings_runs": 154.3835616438356,
  "avg_first_innings_wickets": 6.082191780821918,
  "avg_second_innings_wickets": 6.136986301369863
}