{
  "Eden Gardens": {
    "batting": {},
    "bowling": {
      "matches": 1,
      "balls": 27,
      "runs": 36,
      "wickets": 0,
      "maidens": 0.6666666666666666,
      "best_bowling": "0/36",
      "overs": 4.5,
      "economy": 8.0
    }
  },
  "M.Chinnaswamy Stadium": {
    "batting": {},
    "bowling": {
      "matches": 4,
      "balls": 74,
      "runs": 121,
      "wickets": 3,
      "maidens": 3.5,
      "best_bowling": "2/34",
      "overs": 12.333333333333334,
      "economy": 9.81081081081081,
      "average": 40.333333333333336,
      "strike_rate": 24.666666666666668
    }
  },
  "Arun Jaitley Stadium, Delhi": {
    "batting": {},
    "bowling": {
      "matches": 1,
      "balls": 9,
      "runs": 20,
      "wickets": 0,
      "maidens": 0.3333333333333333,
      "best_bowling": "0/20",
      "overs": 1.5,
      "economy": 13.333333333333334
    }
  },
  "Eden Gardens, Kolkata": {
    "batting": {},
    "bowling": {
      "matches": 1,
      "balls": 19,
      "runs": 44,
      "wickets": 2,
      "maidens": 0.8333333333333334,
      "best_bowling": "2/44",
      "overs": 3.1666666666666665,
      "economy": 13.894736842105264,
      "average": 22.0,
      "strike_rate": 9.5
    }
  }
}