{
  "MA Chidambaram Stadium, Chepauk": {
    "batting": {},
    "bowling": {
      "matches": 1,
      "balls": 25,
      "runs": 35,
      "wickets": 2,
      "maidens": 1.8333333333333333,
      "best_bowling": "2/35",
      "overs": 4.166666666666667,
      "economy": 8.399999999999999,
      "average": 17.5,
      "strike_rate": 12.5
    }
  },
  "M Chinnaswamy Stadium": {
    "batting": {},
    "bowling": {
      "matches": 2,
      "balls": 54,
      "runs": 67,
      "wickets": 4,
      "maidens": 3.6666666666666665,
      "best_bowling": "3/36",
      "overs": 9.0,
      "economy": 7.444444444444445,
      "average": 16.75,
      "strike_rate": 13.5
    }
  },
  "Dr. Y.S. Rajasekhara Reddy ACA-VDCA Cricket Stadium": {
    "batting": {
      "matches": 1,
      "runs": 6,
      "balls": 3,
      "fours": 0,
      "sixes": 1,
      "dots": 2,
      "dismissals": 1,
      "highest": 6,
      "50s": 0,
      "100s": 0,
      "strike_rate": 200.0,
      "average": 6.0
    },
    "bowling": {
      "matches": 3,
      "balls": 69,
      "runs": 89,
      "wickets": 3,
      "maidens": 4.333333333333333,
      "best_bowling": "1/20",
      "overs": 11.5,
      "economy": 7.739130434782608,
      "average": 29.666666666666668,
      "strike_rate": 23.0
    }
  },
  "Wankhede Stadium": {
    "batting": {},
    "bowling": {
      "matches": 4,
      "balls": 100,
      "runs": 163,
      "wickets": 3,
      "maidens": 4.333333333333333,
      "best_bowling": "2/44",
      "overs": 16.666666666666668,
      "economy": 9.78,
      "average": 54.333333333333336,
      "strike_rate": 33.333333333333336
    }
  },
  "Punjab Cricket Association Stadium, Mohali": {
    "batting": {},
    "bowling": {
      "matches": 1,
      "balls": 26,
      "runs": 19,
      "wickets": 3,
      "maidens": 2.3333333333333335,
      "best_bowling": "3/19",
      "overs": 4.333333333333333,
      "economy": 4.384615384615385,
      "average": 6.333333333333333,
      "strike_rate": 8.666666666666666
    }
  },
  "Rajiv Gandhi International Stadium, Uppal": {
    "batting": {},
    "bowling": {
      "matches": 2,
      "balls": 49,
      "runs": 90,
      "wickets": 1,
      "maidens": 2.1666666666666665,
      "best_bowling": "1/46",
      "overs": 8.166666666666666,
      "economy": 11.020408163265307,
      "average": 90.0,
      "strike_rate": 49.0
    }
  },
  "Feroz Shah Kotla": {
    "batting": {},
    "bowling": {
      "matches": 1,
      "balls": 26,
      "runs": 39,
      "wickets": 1,
      "maidens": 1.8333333333333333,
      "best_bowling": "1/39",
      "overs": 4.333333333333333,
      "economy": 9.0,
      "average": 39.0,
      "strike_rate": 26.0
    }
  },
  "Saurashtra Cricket Association Stadium": {
    "batting": {},
    "bowling": {
      "matches": 1,
      "balls": 25,
      "runs": 41,
      "wickets": 1,
      "maidens": 1.3333333333333333,
      "best_bowling": "1/41",
      "overs": 4.166666666666667,
      "economy": 9.84,
      "average": 41.0,
      "strike_rate": 25.0
    }
  },
  "Eden Gardens": {
    "batting": {
      "matches": 2,
      "runs": 5,
      "balls": 10,
      "fours": 0,
      "sixes": 0,
      "dots": 7,
      "dismissals": 1,
      "highest": 5,
      "50s": 0,
      "100s": 0,
      "strike_rate": 50.0,
      "average": 5.0
    },
    "bowling": {
      "matches": 4,
      "balls": 98,
      "runs": 129,
      "wickets": 5,
      "maidens": 7.5,
      "best_bowling": "2/29",
      "overs": 16.333333333333332,
      "economy": 7.89795918367347,
      "average": 25.8,
      "strike_rate": 19.6
    }
  },
  "Punjab Cricket Association IS Bindra Stadium": {
    "batting": {},
    "bowling": {
      "matches": 1,
      "balls": 24,
      "runs": 34,
      "wickets": 1,
      "maidens": 1.8333333333333333,
      "best_bowling": "1/34",
      "overs": 4.0,
      "economy": 8.5,
      "average": 34.0,
      "strike_rate": 24.0
    }
  },
  "Sawai Mansingh Stadium": {
    "batting": {},
    "bowling": {
      "matches": 1,
      "balls": 18,
      "runs": 26,
      "wickets": 1,
      "maidens": 1.5,
      "best_bowling": "1/26",
      "overs": 3.0,
      "economy": 8.666666666666666,
      "average": 26.0,
      "strike_rate": 18.0
    }
  },
  "M.Chinnaswamy Stadium": {
    "batting": {},
    "bowling": {
      "matches": 1,
      "balls": 24,
      "runs": 33,
      "wickets": 1,
      "maidens": 1.0,
      "best_bowling": "1/33",
      "overs": 4.0,
      "economy": 8.25,
      "average": 33.0,
      "strike_rate": 24.0
    }
  },
  "Arun Jaitley Stadium": {
    "batting": {},
    "bowling": {
      "matches": 8,
      "balls": 189,
      "runs": 258,
      "wickets": 14,
      "maidens": 10.0,
      "best_bowling": "3/26",
      "overs": 31.5,
      "economy": 8.19047619047619,
      "average": 18.428571428571427,
      "strike_rate": 13.5
    }
  },
  "Maharashtra Cricket Association Stadium": {
    "batting": {},
    "bowling": {
      "matches": 1,
      "balls": 24,
      "runs": 49,
      "wickets": 1,
      "maidens": 1.5,
      "best_bowling": "1/49",
      "overs": 4.0,
      "economy": 12.25,
      "average": 49.0,
      "strike_rate": 24.0
    }
  },
  "Rajiv Gandhi International Stadium": {
    "batting": {},
    "bowling": {
      "matches": 1,
      "balls": 26,
      "runs": 30,
      "wickets": 0,
      "maidens": 1.3333333333333333,
      "best_bowling": "0/30",
      "overs": 4.333333333333333,
      "economy": 6.923076923076923
    }
  },
  "MA Chidambaram Stadium": {
    "batting": {
      "matches": 1,
      "runs": 1,
      "balls": 1,
      "fours": 0,
      "sixes": 0,
      "dots": 0,
      "dismissals": 0,
      "highest": 1,
      "50s": 0,
      "100s": 0,
      "strike_rate": 100.0
    },
    "bowling": {
      "matches": 1,
      "balls": 25,
      "runs": 37,
      "wickets": 0,
      "maidens": 1.8333333333333333,
      "best_bowling": "0/37",
      "overs": 4.166666666666667,
      "economy": 8.879999999999999
    }
  },
  "Sheikh Zayed Stadium": {
    "batting": {
      "matches": 1,
      "runs": 0,
      "balls": 1,
      "fours": 0,
      "sixes": 0,
      "dots": 1,
      "dismissals": 1,
      "highest": 0,
      "50s": 0,
      "100s": 0,
      "strike_rate": 0.0,
      "average": 0.0
    },
    "bowling": {
      "matches": 8,
      "balls": 192,
      "runs": 269,
      "wickets": 9,
      "maidens": 13.0,
      "best_bowling": "2/26",
      "overs": 32.0,
      "economy": 8.40625,
      "average": 29.88888888888889,
      "strike_rate": 21.333333333333332
    }
  },
  "Dubai International Cricket Stadium": {
    "batting": {
      "matches": 1,
      "runs": 0,
      "balls": 3,
      "fours": 0,
      "sixes": 0,
      "dots": 3,
      "dismissals": 0,
      "highest": 0,
      "50s": 0,
      "100s": 0,
      "strike_rate": 0.0
    },
    "bowling": {
      "matches": 7,
      "balls": 162,
      "runs": 211,
      "wickets": 14,
      "maidens": 13.0,
      "best_bowling": "3/21",
      "overs": 27.0,
      "economy": 7.814814814814815,
      "average": 15.071428571428571,
      "strike_rate": 11.571428571428571
    }
  },
  "Sharjah Cricket Stadium": {
    "batting": {},
    "bowling": {
      "matches": 4,
      "balls": 100,
      "runs": 94,
      "wickets": 7,
      "maidens": 7.5,
      "best_bowling": "4/18",
      "overs": 16.666666666666668,
      "economy": 5.64,
      "average": 13.428571428571429,
      "strike_rate": 14.285714285714286
    }
  },
  "MA Chidambaram Stadium, Chepauk, Chennai": {
    "batting": {
      "matches": 2,
      "runs": 1,
      "balls": 4,
      "fours": 0,
      "sixes": 0,
      "dots": 3,
      "dismissals": 0,
      "highest": 1,
      "50s": 0,
      "100s": 0,
      "strike_rate": 25.0
    },
    "bowling": {
      "matches": 7,
      "balls": 154,
      "runs": 214,
      "wickets": 10,
      "maidens": 11.333333333333334,
      "best_bowling": "4/28",
      "overs": 25.666666666666668,
      "economy": 8.337662337662337,