{
  "player_name": "B Sai Sudharsan",
  "batting": {
    "matches": 25,
    "runs": 1034,
    "balls": 770,
    "fours": 95,
    "sixes": 32,
    "dots": 244,
    "dismissals": 21,
    "highest": 103,
    "50s": 6,
    "100s": 1,
    "strike_rate": 134.28571428571428,
    "average": 49.23809523809524
  },
  "bowling": {}
}