{
  "player_name": "Fazalhaq Farooqi",
  "batting": {
    "matches": 2,
    "runs": 3,
    "balls": 13,
    "fours": 0,
    "sixes": 0,
    "dots": 10,
    "dismissals": 0,
    "highest": 2,
    "50s": 0,
    "100s": 0,
    "strike_rate": 23.076923076923077
  },
  "bowling": {
    "matches": 7,
    "balls": 162,
    "runs": 229,
    "wickets": 6,
    "maidens": 9.333333333333334,
    "best_bowling": "2/32",
    "overs": 27.0,
    "economy": 8.481481481481481,
    "average": 38.166666666666664,
    "strike_rate": 27.0
  }
}