{
  "player_name": "HC Brook",
  "batting": {
    "matches": 11,
    "runs": 190,
    "balls": 159,
    "fours": 23,
    "sixes": 4,
    "dots": 70,
    "dismissals": 9,
    "highest": 100,
    "50s": 0,
    "100s": 1,
    "strike_rate": 119.49685534591195,
    "average": 21.11111111111111
  },
  "bowling": {}
}