{
  "player_name": "JR Hazlewood",
  "batting": {
    "matches": 6,
    "runs": 19,
    "balls": 29,
    "fours": 1,
    "sixes": 0,
    "dots": 14,
    "dismissals": 0,
    "highest": 7,
    "50s": 0,
    "100s": 0,
    "strike_rate": 65.51724137931035
  },
  "bowling": {
    "matches": 27,
    "balls": 622,
    "runs": 830,
    "wickets": 36,
    "maidens": 43.166666666666664,
    "best_bowling": "4/25",
    "overs": 103.66666666666667,
    "economy": 8.006430868167202,
    "average": 23.055555555555557,
    "strike_rate": 17.27777777777778
  }
}