{
  "player_name": "N Wadhera",
  "batting": {
    "matches": 16,
    "runs": 350,
    "balls": 261,
    "fours": 32,
    "sixes": 18,
    "dots": 107,
    "dismissals": 15,
    "highest": 64,
    "50s": 2,
    "100s": 0,
    "strike_rate": 134.09961685823754,
    "average": 23.333333333333332
  },
  "bowling": {
    "matches": 1,
    "balls": 12,
    "runs": 13,
    "wickets": 0,
    "maidens": 0.3333333333333333,
    "best_bowling": "0/13",
    "overs": 2.0,
    "economy": 6.5
  }
}