{
  "player_name": "Umran Malik",
  "batting": {
    "matches": 5,
    "runs": 23,
    "balls": 16,
    "fours": 1,
    "sixes": 2,
    "dots": 8,
    "dismissals": 1,
    "highest": 19,
    "50s": 0,
    "100s": 0,
    "strike_rate": 143.75,
    "average": 23.0
  },
  "bowling": {
    "matches": 26,
    "balls": 519,
    "runs": 785,
    "wickets": 31,
    "maidens": 34.166666666666664,
    "best_bowling": "5/26",
    "overs": 86.5,
    "economy": 9.07514450867052,
    "average": 25.322580645161292,
    "strike_rate": 16.741935483870968
  }
}