{
  "player_name": "YBK Jaiswal",
  "batting": {
    "matches": 52,
    "runs": 1607,
    "balls": 1095,
    "fours": 199,
    "sixes": 64,
    "dots": 459,
    "dismissals": 49,
    "highest": 124,
    "50s": 9,
    "100s": 2,
    "strike_rate": 146.7579908675799,
    "average": 32.795918367346935
  },
  "bowling": {
    "matches": 1,
    "balls": 1,
    "runs": 6,
    "wickets": 0,
    "maidens": 0.0,
    "best_bowling": "0/6",
    "overs": 0.16666666666666666,
    "economy": 36.0
  }
}