{
  "player_name": "A Zampa",
  "batting": {
    "matches": 5,
    "runs": 15,
    "balls": 25,
    "fours": 1,
    "sixes": 0,
    "dots": 13,
    "dismissals": 5,
    "highest": 7,
    "50s": 0,
    "100s": 0,
    "strike_rate": 60.0,
    "average": 3.0
  },
  "bowling": {
    "matches": 20,
    "balls": 425,
    "runs": 562,
    "wickets": 30,
    "maidens": 21.5,
    "best_bowling": "6/19",
    "overs": 70.83333333333333,
    "economy": 7.934117647058824,
    "average": 18.733333333333334,
    "strike_rate": 14.166666666666666
  }
}