{
  "player_name": "G Coetzee",
  "batting": {
    "matches": 5,
    "runs": 14,
    "balls": 22,
    "fours": 0,
    "sixes": 1,
    "dots": 13,
    "dismissals": 4,
    "highest": 8,
    "50s": 0,
    "100s": 0,
    "strike_rate": 63.63636363636363,
    "average": 3.5
  },
  "bowling": {
    "matches": 10,
    "balls": 216,
    "runs": 357,
    "wickets": 13,
    "maidens": 11.833333333333334,
    "best_bowling": "4/35",
    "overs": 36.0,
    "economy": 9.916666666666666,
    "average": 27.46153846153846,
    "strike_rate": 16.615384615384617
  }
}