{
  "Rajasthan Royals": {
    "batting": {},
    "bowling": {
      "matches": 2,
      "balls": 36,
      "runs": 34,
      "wickets": 1,
      "maidens": 2.3333333333333335,
      "best_bowling": "1/19",
      "overs": 6.0,
      "economy": 5.666666666666667,
      "average": 34.0,
      "strike_rate": 36.0
    }
  },
  "Gujarat Titans": {
    "batting": {
      "matches": 1,
      "runs": 6,
      "balls": 7,
      "fours": 1,
      "sixes": 0,
      "dots": 4,
      "dismissals": 1,
      "highest": 6,
      "50s": 0,
      "100s": 0,
      "strike_rate": 85.71428571428571,
      "average": 6.0
    },
    "bowling": {
      "matches": 4,
      "balls": 74,
      "runs": 121,
      "wickets": 3,
      "maidens": 3.3333333333333335,
      "best_bowling": "2/37",
      "overs": 12.333333333333334,
      "economy": 9.81081081081081,
      "average": 40.333333333333336,
      "strike_rate": 24.666666666666668
    }
  },
  "Kolkata Knight Riders": {
    "batting": {
      "matches": 1,
      "runs": 3,
      "balls": 6,
      "fours": 0,
      "sixes": 0,
      "dots": 3,
      "dismissals": 1,
      "highest": 3,
      "50s": 0,
      "100s": 0,
      "strike_rate": 50.0,
      "average": 3.0
    },
    "bowling": {
      "matches": 1,
      "balls": 18,
      "runs": 32,
      "wickets": 2,
      "maidens": 1.3333333333333333,
      "best_bowling": "2/32",
      "overs": 3.0,
      "economy": 10.666666666666666,
      "average": 16.0,
      "strike_rate": 9.0
    }
  },
  "Chennai Super Kings": {
    "batting": {},
    "bowling": {
      "matches": 2,
      "balls": 42,
      "runs": 47,
      "wickets": 3,
      "maidens": 2.3333333333333335,
      "best_bowling": "2/23",
      "overs": 7.0,
      "economy": 6.714285714285714,
      "average": 15.666666666666666,
      "strike_rate": 14.0
    }
  },
  "Punjab Kings": {
    "batting": {},
    "bowling": {
      "matches": 1,
      "balls": 21,
      "runs": 25,
      "wickets": 0,
      "maidens": 0.3333333333333333,
      "best_bowling": "0/25",
      "overs": 3.5,
      "economy": 7.142857142857143
    }
  },
  "Royal Challengers Bangalore": {
    "batting": {},
    "bowling": {
      "matches": 1,
      "balls": 25,
      "runs": 36,
      "wickets": 1,
      "maidens": 0.8333333333333334,
      "best_bowling": "1/36",
      "overs": 4.166666666666667,
      "economy": 8.639999999999999,
      "average": 36.0,
      "strike_rate": 25.0
    }
  },
  "Sunrisers Hyderabad": {
    "batting": {},
    "bowling": {
      "matches": 1,
      "balls": 25,
      "runs": 39,
      "wickets": 0,
      "maidens": 1.0,
      "best_bowling": "0/39",
      "overs": 4.166666666666667,
      "economy": 9.36
    }
  }
}