{
  "Kolkata Knight Riders": {
    "batting": {},
    "bowling": {
      "matches": 6,
      "balls": 137,
      "runs": 201,
      "wickets": 8,
      "maidens": 9.333333333333334,
      "best_bowling": "3/25",
      "overs": 22.833333333333332,
      "economy": 8.802919708029197,
      "average": 25.125,
      "strike_rate": 17.125
    }
  },
  "Delhi Capitals": {
    "batting": {
      "matches": 1,
      "runs": 0,
      "balls": 1,
      "fours": 0,
      "sixes": 0,
      "dots": 1,
      "dismissals": 1,
      "highest": 0,
      "50s": 0,
      "100s": 0,
      "strike_rate": 0.0,
      "average": 0.0
    },
    "bowling": {
      "matches": 5,
      "balls": 118,
      "runs": 174,
      "wickets": 8,
      "maidens": 6.833333333333333,
      "best_bowling": "3/24",
      "overs": 19.666666666666668,
      "economy": 8.847457627118644,
      "average": 21.75,
      "strike_rate": 14.75
    }
  },
  "Chennai Super Kings": {
    "batting": {
      "matches": 1,
      "runs": 0,
      "balls": 1,
      "fours": 0,
      "sixes": 0,
      "dots": 1,
      "dismissals": 1,
      "highest": 0,
      "50s": 0,
      "100s": 0,
      "strike_rate": 0.0,
      "average": 0.0
    },
    "bowling": {
      "matches": 9,
      "balls": 232,
      "runs": 298,
      "wickets": 9,
      "maidens": 14.5,
      "best_bowling": "2/22",
      "overs": 38.666666666666664,
      "economy": 7.706896551724139,
      "average": 33.111111111111114,
      "strike_rate": 25.77777777777778
    }
  },
  "Rajasthan Royals": {
    "batting": {},
    "bowling": {
      "matches": 7,
      "balls": 167,
      "runs": 260,
      "wickets": 7,
      "maidens": 10.333333333333334,
      "best_bowling": "2/37",
      "overs": 27.833333333333332,
      "economy": 9.341317365269461,
      "average": 37.142857142857146,
      "strike_rate": 23.857142857142858
    }
  },
  "Kings XI Punjab": {
    "batting": {
      "matches": 1,
      "runs": 0,
      "balls": 2,
      "fours": 0,
      "sixes": 0,
      "dots": 2,
      "dismissals": 1,
      "highest": 0,
      "50s": 0,
      "100s": 0,
      "strike_rate": 0.0,
      "average": 0.0
    },
    "bowling": {
      "matches": 3,
      "balls": 69,
      "runs": 95,
      "wickets": 7,
      "maidens": 4.166666666666667,
      "best_bowling": "3/24",
      "overs": 11.5,
      "economy": 8.26086956521739,
      "average": 13.571428571428571,
      "strike_rate": 9.857142857142858
    }
  },
  "Mumbai Indians": {
    "batting": {
      "matches": 1,
      "runs": 1,
      "balls": 2,
      "fours": 0,
      "sixes": 0,
      "dots": 1,
      "dismissals": 1,
      "highest": 1,
      "50s": 0,
      "100s": 0,
      "strike_rate": 50.0,
      "average": 1.0
    },
    "bowling": {
      "matches": 6,
      "balls": 143,
      "runs": 207,
      "wickets": 9,
      "maidens": 9.5,
      "best_bowling": "3/42",
      "overs": 23.833333333333332,
      "economy": 8.685314685314685,
      "average": 23.0,
      "strike_rate": 15.88888888888889
    }
  },
  "Royal Challengers Bangalore": {
    "batting": {},
    "bowling": {
      "matches": 3,
      "balls": 77,
      "runs": 119,
      "wickets": 5,
      "maidens": 3.8333333333333335,
      "best_bowling": "3/37",
      "overs": 12.833333333333334,
      "economy": 9.272727272727272,
      "average": 23.8,
      "strike_rate": 15.4
    }
  },
  "Punjab Kings": {
    "batting": {},
    "bowling": {
      "matches": 7,
      "balls": 162,
      "runs": 210,
      "wickets": 9,
      "maidens": 10.5,
      "best_bowling": "3/21",
      "overs": 27.0,
      "economy": 7.777777777777778,
      "average": 23.333333333333332,
      "strike_rate": 18.0
    }
  },
  "Gujarat Titans": {
    "batting": {
      "matches": 1,
      "runs": 0,
      "balls": 1,
      "fours": 0,
      "sixes": 0,
      "dots": 1,
      "dismissals": 1,
      "highest": 0,
      "50s": 0,
      "100s": 0,
      "strike_rate": 0.0,
      "average": 0.0
    },
    "bowling": {
      "matches": 5,
      "balls": 111,
      "runs": 143,
      "wickets": 6,
      "maidens": 7.166666666666667,
      "best_bowling": "2/24",
      "overs": 18.5,
      "economy": 7.72972972972973,
      "average": 23.833333333333332,
      "strike_rate": 18.5
    }
  },
  "Sunrisers Hyderabad": {
    "batting": {},
    "bowling": {
      "matches": 2,
      "balls": 42,
      "runs": 82,
      "wickets": 3,
      "maidens": 2.8333333333333335,
      "best_bowling": "3/30",
      "overs": 7.0,
      "economy": 11.714285714285714,
      "average": 27.333333333333332,
      "strike_rate": 14.0
    }
  },
  "Lucknow Super Giants": {
    "batting": {},
    "bowling": {
      "matches": 3,
      "balls": 63,
      "runs": 97,
      "wickets": 5,
      "maidens": 5.0,
      "best_bowling": "2/31",
      "overs": 10.5,
      "economy": 9.238095238095237,
      "average": 19.4,
      "strike_rate": 12.6
    }
  },
  "Royal Challengers Bengaluru": {
    "batting": {},
    "bowling": {
      "matches": 1,
      "balls": 24,
      "runs": 32,
      "wickets": 2,
      "maidens": 1.3333333333333333,
      "best_bowling": "2/32",
      "overs": 4.0,
      "economy": 8.0,
      "average": 16.0,
      "strike_rate": 12.0
    }
  }
}