{
  "Delhi Daredevils": {
    "batting": {},
    "bowling": {
      "matches": 2,
      "balls": 46,
      "runs": 43,
      "wickets": 3,
      "maidens": 3.3333333333333335,
      "best_bowling": "2/16",
      "overs": 7.666666666666667,
      "economy": 5.608695652173913,
      "average": 14.333333333333334,
      "strike_rate": 15.333333333333334
    }
  },
  "Kolkata Knight Riders": {
    "batting": {},
    "bowling": {
      "matches": 3,
      "balls": 69,
      "runs": 103,
      "wickets": 6,
      "maidens": 4.5,
      "best_bowling": "3/32",
      "overs": 11.5,
      "economy": 8.956521739130435,
      "average": 17.166666666666668,
      "strike_rate": 11.5
    }
  },
  "Royal Challengers Bangalore": {
    "batting": {},
    "bowling": {
      "matches": 1,
      "balls": 25,
      "runs": 26,
      "wickets": 2,
      "maidens": 2.1666666666666665,
      "best_bowling": "2/26",
      "overs": 4.166666666666667,
      "economy": 6.239999999999999,
      "average": 13.0,
      "strike_rate": 12.5
    }
  },
  "Kings XI Punjab": {
    "batting": {},
    "bowling": {
      "matches": 2,
      "balls": 50,
      "runs": 51,
      "wickets": 7,
      "maidens": 4.166666666666667,
      "best_bowling": "4/11",
      "overs": 8.333333333333334,
      "economy": 6.119999999999999,
      "average": 7.285714285714286,
      "strike_rate": 7.142857142857143
    }
  },
  "Sunrisers Hyderabad": {
    "batting": {},
    "bowling": {
      "matches": 3,
      "balls": 74,
      "runs": 81,
      "wickets": 5,
      "maidens": 4.666666666666667,
      "best_bowling": "2/26",
      "overs": 12.333333333333334,
      "economy": 6.5675675675675675,
      "average": 16.2,
      "strike_rate": 14.8
    }
  },
  "Mumbai Indians": {
    "batting": {},
    "bowling": {
      "matches": 2,
      "balls": 50,
      "runs": 100,
      "wickets": 3,
      "maidens": 1.8333333333333333,
      "best_bowling": "3/38",
      "overs": 8.333333333333334,
      "economy": 12.0,
      "average": 33.333333333333336,
      "strike_rate": 16.666666666666668
    }
  },
  "Rajasthan Royals": {
    "batting": {},
    "bowling": {
      "matches": 1,
      "balls": 28,
      "runs": 56,
      "wickets": 2,
      "maidens": 1.1666666666666667,
      "best_bowling": "2/56",
      "overs": 4.666666666666667,
      "economy": 12.0,
      "average": 28.0,
      "strike_rate": 14.0
    }
  }
}