{
  "Delhi Daredevils": {
    "batting": {},
    "bowling": {
      "matches": 4,
      "balls": 101,
      "runs": 115,
      "wickets": 7,
      "maidens": 6.833333333333333,
      "best_bowling": "3/21",
      "overs": 16.833333333333332,
      "economy": 6.831683168316832,
      "average": 16.428571428571427,
      "strike_rate": 14.428571428571429
    }
  },
  "Mumbai Indians": {
    "batting": {
      "matches": 3,
      "runs": 7,
      "balls": 8,
      "fours": 1,
      "sixes": 0,
      "dots": 4,
      "dismissals": 2,
      "highest": 5,
      "50s": 0,
      "100s": 0,
      "strike_rate": 87.5,
      "average": 3.5
    },
    "bowling": {
      "matches": 5,
      "balls": 104,
      "runs": 141,
      "wickets": 9,
      "maidens": 6.0,
      "best_bowling": "4/33",
      "overs": 17.333333333333332,
      "economy": 8.134615384615385,
      "average": 15.666666666666666,
      "strike_rate": 11.555555555555555
    }
  },
  "Kolkata Knight Riders": {
    "batting": {
      "matches": 1,
      "runs": 12,
      "balls": 8,
      "fours": 1,
      "sixes": 0,
      "dots": 2,
      "dismissals": 0,
      "highest": 12,
      "50s": 0,
      "100s": 0,
      "strike_rate": 150.0
    },
    "bowling": {
      "matches": 3,
      "balls": 66,
      "runs": 85,
      "wickets": 4,
      "maidens": 3.3333333333333335,
      "best_bowling": "2/35",
      "overs": 11.0,
      "economy": 7.7272727272727275,
      "average": 21.25,
      "strike_rate": 16.5
    }
  },
  "Rajasthan Royals": {
    "batting": {
      "matches": 1,
      "runs": 18,
      "balls": 16,
      "fours": 2,
      "sixes": 0,
      "dots": 7,
      "dismissals": 1,
      "highest": 18,
      "50s": 0,
      "100s": 0,
      "strike_rate": 112.5,
      "average": 18.0
    },
    "bowling": {
      "matches": 5,
      "balls": 125,
      "runs": 157,
      "wickets": 7,
      "maidens": 8.666666666666666,
      "best_bowling": "3/22",
      "overs": 20.833333333333332,
      "economy": 7.5360000000000005,
      "average": 22.428571428571427,
      "strike_rate": 17.857142857142858
    }
  },
  "Kings XI Punjab": {
    "batting": {
      "matches": 2,
      "runs": 37,
      "balls": 40,
      "fours": 4,
      "sixes": 0,
      "dots": 17,
      "dismissals": 2,
      "highest": 29,
      "50s": 0,
      "100s": 0,
      "strike_rate": 92.5,
      "average": 18.5
    },
    "bowling": {
      "matches": 4,
      "balls": 94,
      "runs": 100,
      "wickets": 7,
      "maidens": 6.666666666666667,
      "best_bowling": "4/20",
      "overs": 15.666666666666666,
      "economy": 6.382978723404255,
      "average": 14.285714285714286,
      "strike_rate": 13.428571428571429
    }
  },
  "Sunrisers Hyderabad": {
    "batting": {
      "matches": 3,
      "runs": 17,
      "balls": 17,
      "fours": 2,
      "sixes": 0,
      "dots": 7,
      "dismissals": 1,
      "highest": 6,
      "50s": 0,
      "100s": 0,
      "strike_rate": 100.0,
      "average": 17.0
    },
    "bowling": {
      "matches": 6,
      "balls": 134,
      "runs": 184,
      "wickets": 8,
      "maidens": 8.166666666666666,
      "best_bowling": "3/34",
      "overs": 22.333333333333332,
      "economy": 8.238805970149254,
      "average": 23.0,
      "strike_rate": 16.75
    }
  },
  "Chennai Super Kings": {
    "batting": {
      "matches": 5,
      "runs": 13,
      "balls": 19,
      "fours": 1,
      "sixes": 0,
      "dots": 9,
      "dismissals": 2,
      "highest": 9,
      "50s": 0,
      "100s": 0,
      "strike_rate": 68.42105263157895,
      "average": 6.5
    },
    "bowling": {
      "matches": 6,
      "balls": 136,
      "runs": 167,
      "wickets": 7,
      "maidens": 8.666666666666666,
      "best_bowling": "4/24",
      "overs": 22.666666666666668,
      "economy": 7.367647058823529,
      "average": 23.857142857142858,
      "strike_rate": 19.428571428571427
    }
  },
  "Royal Challengers Bengaluru": {
    "batting": {},
    "bowling": {
      "matches": 2,
      "balls": 44,
      "runs": 103,
      "wickets": 3,
      "maidens": 2.0,
      "best_bowling": "2/56",
      "overs": 7.333333333333333,
      "economy": 14.045454545454547,
      "average": 34.333333333333336,
      "strike_rate": 14.666666666666666
    }
  },
  "Delhi Capitals": {
    "batting": {
      "matches": 1,
      "runs": 1,
      "balls": 1,
      "fours": 0,
      "sixes": 0,
      "dots": 0,
      "dismissals": 0,
      "highest": 1,
      "50s": 0,
      "100s": 0,
      "strike_rate": 100.0
    },
    "bowling": {
      "matches": 2,
      "balls": 38,
      "runs": 72,
      "wickets": 3,
      "maidens": 2.5,
      "best_bowling": "2/29",
      "overs": 6.333333333333333,
      "economy": 11.368421052631579,
      "average": 24.0,
      "strike_rate": 12.666666666666666
    }
  },
  "Lucknow Super Giants": {
    "batting": {},
    "bowling": {
      "matches": 2,
      "balls": 37,
      "runs": 51,
      "wickets": 4,
      "maidens": 2.8333333333333335,
      "best_bowling": "3/29",
      "overs": 6.166666666666667,
      "economy": 8.27027027027027,
      "average": 12.75,
      "strike_rate": 9.25
    }
  }
}