{
  "Rajasthan Royals": {
    "batting": {
      "matches": 1,
      "runs": 5,
      "balls": 10,
      "fours": 0,
      "sixes": 0,
      "dots": 6,
      "dismissals": 1,
      "highest": 5,
      "50s": 0,
      "100s": 0,
      "strike_rate": 50.0,
      "average": 5.0
    },
    "bowling": {
      "matches": 14,
      "balls": 332,
      "runs": 470,
      "wickets": 21,
      "maidens": 22.666666666666668,
      "best_bowling": "3/21",
      "overs": 55.333333333333336,
      "economy": 8.493975903614457,
      "average": 22.38095238095238,
      "strike_rate": 15.80952380952381
    }
  },
  "Chennai Super Kings": {
    "batting": {
      "matches": 3,
      "runs": 15,
      "balls": 23,
      "fours": 1,
      "sixes": 0,
      "dots": 14,
      "dismissals": 2,
      "highest": 9,
      "50s": 0,
      "100s": 0,
      "strike_rate": 65.21739130434783,
      "average": 7.5
    },
    "bowling": {
      "matches": 14,
      "balls": 322,
      "runs": 406,
      "wickets": 14,
      "maidens": 21.166666666666668,
      "best_bowling": "2/18",
      "overs": 53.666666666666664,
      "economy": 7.565217391304349,
      "average": 29.0,
      "strike_rate": 23.0
    }
  },
  "Sunrisers Hyderabad": {
    "batting": {
      "matches": 4,
      "runs": 4,
      "balls": 6,
      "fours": 0,
      "sixes": 0,
      "dots": 2,
      "dismissals": 3,
      "highest": 3,
      "50s": 0,
      "100s": 0,
      "strike_rate": 66.66666666666667,
      "average": 1.3333333333333333
    },
    "bowling": {
      "matches": 14,
      "balls": 309,
      "runs": 410,
      "wickets": 18,
      "maidens": 19.666666666666668,
      "best_bowling": "4/21",
      "overs": 51.5,
      "economy": 7.961165048543689,
      "average": 22.77777777777778,
      "strike_rate": 17.166666666666668
    }
  },
  "Royal Challengers Bangalore": {
    "batting": {
      "matches": 2,
      "runs": 22,
      "balls": 10,
      "fours": 3,
      "sixes": 1,
      "dots": 2,
      "dismissals": 1,
      "highest": 21,
      "50s": 0,
      "100s": 0,
      "strike_rate": 220.0,
      "average": 22.0
    },
    "bowling": {
      "matches": 13,
      "balls": 301,
      "runs": 465,
      "wickets": 17,
      "maidens": 16.666666666666668,
      "best_bowling": "3/36",
      "overs": 50.166666666666664,
      "economy": 9.269102990033224,
      "average": 27.352941176470587,
      "strike_rate": 17.705882352941178
    }
  },
  "Kolkata Knight Riders": {
    "batting": {
      "matches": 4,
      "runs": 8,
      "balls": 10,
      "fours": 1,
      "sixes": 0,
      "dots": 5,
      "dismissals": 1,
      "highest": 7,
      "50s": 0,
      "100s": 0,
      "strike_rate": 80.0,
      "average": 8.0
    },
    "bowling": {
      "matches": 14,
      "balls": 337,
      "runs": 431,
      "wickets": 18,
      "maidens": 22.5,
      "best_bowling": "3/33",
      "overs": 56.166666666666664,
      "economy": 7.673590504451039,
      "average": 23.944444444444443,
      "strike_rate": 18.72222222222222
    }
  },
  "Mumbai Indians": {
    "batting": {
      "matches": 2,
      "runs": 9,
      "balls": 6,
      "fours": 0,
      "sixes": 1,
      "dots": 2,
      "dismissals": 1,
      "highest": 7,
      "50s": 0,
      "100s": 0,
      "strike_rate": 150.0,
      "average": 9.0
    },
    "bowling": {
      "matches": 14,
      "balls": 326,
      "runs": 467,
      "wickets": 18,
      "maidens": 20.5,
      "best_bowling": "3/21",
      "overs": 54.333333333333336,
      "economy": 8.595092024539877,
      "average": 25.944444444444443,
      "strike_rate": 18.11111111111111
    }
  },
  "Kings XI Punjab": {
    "batting": {
      "matches": 3,
      "runs": 3,
      "balls": 7,
      "fours": 0,
      "sixes": 0,
      "dots": 4,
      "dismissals": 2,
      "highest": 2,
      "50s": 0,
      "100s": 0,
      "strike_rate": 42.857142857142854,
      "average": 1.5
    },
    "bowling": {
      "matches": 5,
      "balls": 91,
      "runs": 147,
      "wickets": 3,
      "maidens": 5.5,
      "best_bowling": "1/27",
      "overs": 15.166666666666666,
      "economy": 9.692307692307693,
      "average": 49.0,
      "strike_rate": 30.333333333333332
    }
  },
  "Gujarat Lions": {
    "batting": {
      "matches": 1,
      "runs": 4,
      "balls": 2,
      "fours": 1,
      "sixes": 0,
      "dots": 1,
      "dismissals": 0,
      "highest": 4,
      "50s": 0,
      "100s": 0,
      "strike_rate": 200.0
    },
    "bowling": {
      "matches": 3,
      "balls": 68,
      "runs": 110,
      "wickets": 5,
      "maidens": 3.6666666666666665,
      "best_bowling": "2/33",
      "overs": 11.333333333333334,
      "economy": 9.705882352941176,
      "average": 22.0,
      "strike_rate": 13.6
    }
  },
  "Rising Pune Supergiants": {
    "batting": {
      "matches": 1,
      "runs": 2,
      "balls": 3,
      "fours": 0,
      "sixes": 0,
      "dots": 1,
      "dismissals": 0,
      "highest": 2,
      "50s": 0,
      "100s": 0,
      "strike_rate": 66.66666666666667
    },
    "bowling": {
      "matches": 2,
      "balls": 27,
      "runs": 63,
      "wickets": 0,
      "maidens": 0.5,
      "best_bowling": "0/13",
      "overs": 4.5,
      "economy": 14.0
    }
  },
  "Rising Pune Supergiant": {
    "batting": {
      "matches": 1,
      "runs": 2,
      "balls": 4,
      "fours": 0,
      "sixes": 0,
      "dots": 3,
      "dismissals": 1,
      "highest": 2,
      "50s": 0,
      "100s": 0,
      "strike_rate": 50.0,
      "average": 2.0
    },
    "bowling": {
      "matches": 1,
      "balls": 26,
      "runs": 37,
      "wickets": 2,
      "maidens": 1.1666666666666667,
      "best_bowling": "2/37",
      "overs": 4.333333333333333,
      "economy": 8.538461538461538,
      "average": 18.5,
      "strike_rate": 13.0
    }
  },
  "Delhi Capitals": {
    "batting": {
      "matches": 1,
      "runs": 0,
      "balls": 1,
      "fours": 0,
      "sixes": 0,
      "dots": 1,
      "dismissals": 1,
      "highest": 0,
      "50s": 0,
      "100s": 0,
      "strike_rate": 0.0,
      "average": 0.0
    },
    "bowling": {
      "matches": 9,
      "balls": 223,
      "runs": 269,
      "wickets": 20,
      "maidens": 17.666666666666668,
      "best_bowling": "4/11",
      "overs": 37.166666666666664,
      "economy": 7.237668161434978,
      "average": 13.45,
      "strike_rate": 11.15
    }
  },
  "Lucknow Super Giants": {
    "batting": {},
    "bowling": {
      "matches": 4,
      "balls": 86,
      "runs": 88,
      "wickets": 5,
      "maidens": 7.0,
      "best_bowling": "3/25",
      "overs": 14.333333333333334,
      "economy": 6.13953488372093,
      "average": 17.6,
      "strike_rate": 17.2
    }
  },
  "Punjab Kings": {
    "batting": {},
    "bowling": {
      "matches": 3,
      "balls": 73,
      "runs": 123,
      "wickets": 3,
      "maidens": 5.333333333333333,
      "best_bowling": "1/36",
      "overs": 12.166666666666666,
      "economy": 10.10958904109589,
      "average": 41.0,
      "strike_rate": 24.333333333333332
    }
  }
}