{
  "Gujarat Lions": {
    "batting": {
      "matches": 3,
      "runs": 67,
      "balls": 51,
      "fours": 7,
      "sixes": 1,
      "dots": 17,
      "dismissals": 3,
      "highest": 33,
      "50s": 0,
      "100s": 0,
      "strike_rate": 131.37254901960785,
      "average": 22.333333333333332
    },
    "bowling": {
      "matches": 3,
      "balls": 43,
      "runs": 63,
      "wickets": 2,
      "maidens": 1.8333333333333333,
      "best_bowling": "1/24",
      "overs": 7.166666666666667,
      "economy": 8.790697674418604,
      "average": 31.5,
      "strike_rate": 21.5
    }
  },
  "Kolkata Knight Riders": {
    "batting": {
      "matches": 12,
      "runs": 159,
      "balls": 119,
      "fours": 15,
      "sixes": 7,
      "dots": 50,
      "dismissals": 9,
      "highest": 36,
      "50s": 0,
      "100s": 0,
      "strike_rate": 133.61344537815125,
      "average": 17.666666666666668
    },
    "bowling": {
      "matches": 9,
      "balls": 144,
      "runs": 250,
      "wickets": 8,
      "maidens": 7.333333333333333,
      "best_bowling": "3/23",
      "overs": 24.0,
      "economy": 10.416666666666666,
      "average": 31.25,
      "strike_rate": 18.0
    }
  },
  "Delhi Daredevils": {
    "batting": {
      "matches": 2,
      "runs": 74,
      "balls": 59,
      "fours": 5,
      "sixes": 2,
      "dots": 19,
      "dismissals": 1,
      "highest": 52,
      "50s": 1,
      "100s": 0,
      "strike_rate": 125.42372881355932,
      "average": 74.0
    },
    "bowling": {
      "matches": 2,
      "balls": 31,
      "runs": 49,
      "wickets": 3,
      "maidens": 1.0,
      "best_bowling": "3/42",
      "overs": 5.166666666666667,
      "economy": 9.483870967741934,
      "average": 16.333333333333332,
      "strike_rate": 10.333333333333334
    }
  },
  "Royal Challengers Bangalore": {
    "batting": {
      "matches": 10,
      "runs": 243,
      "balls": 165,
      "fours": 20,
      "sixes": 13,
      "dots": 57,
      "dismissals": 7,
      "highest": 65,
      "50s": 2,
      "100s": 0,
      "strike_rate": 147.27272727272728,
      "average": 34.714285714285715
    },
    "bowling": {
      "matches": 6,
      "balls": 63,
      "runs": 124,
      "wickets": 0,
      "maidens": 0.8333333333333334,
      "best_bowling": "0/11",
      "overs": 10.5,
      "economy": 11.80952380952381
    }
  },
  "Mumbai Indians": {
    "batting": {
      "matches": 14,
      "runs": 340,
      "balls": 246,
      "fours": 31,
      "sixes": 17,
      "dots": 98,
      "dismissals": 12,
      "highest": 89,
      "50s": 3,
      "100s": 0,
      "strike_rate": 138.21138211382114,
      "average": 28.333333333333332
    },
    "bowling": {
      "matches": 11,
      "balls": 162,
      "runs": 244,
      "wickets": 13,
      "maidens": 8.333333333333334,
      "best_bowling": "4/21",
      "overs": 27.0,
      "economy": 9.037037037037036,
      "average": 18.76923076923077,
      "strike_rate": 12.461538461538462
    }
  },
  "Sunrisers Hyderabad": {
    "batting": {
      "matches": 7,
      "runs": 109,
      "balls": 91,
      "fours": 11,
      "sixes": 4,
      "dots": 38,
      "dismissals": 5,
      "highest": 40,
      "50s": 0,
      "100s": 0,
      "strike_rate": 119.78021978021978,
      "average": 21.8
    },
    "bowling": {
      "matches": 6,
      "balls": 81,
      "runs": 113,
      "wickets": 3,
      "maidens": 2.8333333333333335,
      "best_bowling": "3/26",
      "overs": 13.5,
      "economy": 8.37037037037037,
      "average": 37.666666666666664,
      "strike_rate": 27.0
    }
  },
  "Rising Pune Supergiant": {
    "batting": {},
    "bowling": {
      "matches": 1,
      "balls": 21,
      "runs": 28,
      "wickets": 1,
      "maidens": 0.8333333333333334,
      "best_bowling": "1/28",
      "overs": 3.5,
      "economy": 8.0,
      "average": 28.0,
      "strike_rate": 21.0
    }
  },
  "Rajasthan Royals": {
    "batting": {
      "matches": 12,
      "runs": 211,
      "balls": 178,
      "fours": 10,
      "sixes": 12,
      "dots": 68,
      "dismissals": 9,
      "highest": 39,
      "50s": 0,
      "100s": 0,
      "strike_rate": 118.53932584269663,
      "average": 23.444444444444443
    },
    "bowling": {
      "matches": 8,
      "balls": 91,
      "runs": 127,
      "wickets": 6,
      "maidens": 5.0,
      "best_bowling": "2/17",
      "overs": 15.166666666666666,
      "economy": 8.373626373626374,
      "average": 21.166666666666668,
      "strike_rate": 15.166666666666666
    }
  },
  "Delhi Capitals": {
    "batting": {
      "matches": 6,
      "runs": 89,
      "balls": 87,
      "fours": 4,
      "sixes": 5,
      "dots": 37,
      "dismissals": 4,
      "highest": 32,
      "50s": 0,
      "100s": 0,
      "strike_rate": 102.29885057471265,
      "average": 22.25
    },
    "bowling": {
      "matches": 3,
      "balls": 31,
      "runs": 48,
      "wickets": 0,
      "maidens": 1.3333333333333333,
      "best_bowling": "0/10",
      "overs": 5.166666666666667,
      "economy": 9.29032258064516
    }
  },
  "Kings XI Punjab": {
    "batting": {
      "matches": 4,
      "runs": 136,
      "balls": 84,
      "fours": 13,
      "sixes": 6,
      "dots": 25,
      "dismissals": 2,
      "highest": 53,
      "50s": 1,
      "100s": 0,
      "strike_rate": 161.9047619047619,
      "average": 68.0
    },
    "bowling": {
      "matches": 3,
      "balls": 37,
      "runs": 57,
      "wickets": 3,
      "maidens": 1.6666666666666667,
      "best_bowling": "2/30",
      "overs": 6.166666666666667,
      "economy": 9.243243243243242,
      "average": 19.0,
      "strike_rate": 12.333333333333334
    }
  },
  "Chennai Super Kings": {
    "batting": {
      "matches": 8,
      "runs": 216,
      "balls": 136,
      "fours": 20,
      "sixes": 10,
      "dots": 40,
      "dismissals": 5,
      "highest": 124,
      "50s": 0,
      "100s": 1,
      "strike_rate": 158.8235294117647,
      "average": 43.2
    },
    "bowling": {
      "matches": 5,
      "balls": 75,
      "runs": 120,
      "wickets": 2,
      "maidens": 3.1666666666666665,
      "best_bowling": "1/7",
      "overs": 12.5,
      "economy": 9.6,
      "average": 60.0,
      "strike_rate": 37.5
    }
  },
  "Punjab Kings": {
    "batting": {
      "matches": 5,
      "runs": 134,
      "balls": 80,
      "fours": 9,
      "sixes": 10,
      "dots": 28,
      "dismissals": 4,
      "highest": 72,
      "50s": 1,
      "100s": 0,
      "strike_rate": 167.5,
      "average": 33.5
    },
    "bowling": {
      "matches": 2,
      "balls": 21,
      "runs": 28,
      "wickets": 1,
      "maidens": 0.6666666666666666,
      "best_bowling": "1/22",
      "overs": 3.5,
      "economy": 8.0,
      "average": 28.0,
      "strike_rate": 21.0
    }
  },
  "Gujarat Titans": {
    "batting": {
      "matches": 4,
      "runs": 64,
      "balls": 55,
      "fours": 4,
      "sixes": 2,
      "dots": 20,
      "dismissals": 3,
      "highest": 58,
      "50s": 1,
      "100s": 0,
      "strike_rate": 116.36363636363636,
      "average": 21.333333333333332
    },
    "bowling": {
      "matches": 2,
      "balls": 24,
      "runs": 40,
      "wickets": 2,
      "maidens": 1.1666666666666667,
      "best_bowling": "2/20",
      "overs": 4.0,
      "economy": 10.0,
      "average": 20.0,
      "strike_rate": 12.0
    }
  },
  "Royal Challengers Bengaluru": {
    "batting": {
      "matches": 1,
      "runs": 24,
      "balls": 15,
      "fours": 1,
      "sixes": 2,
      "dots": 4,
      "dismissals": 1,
      "highest": 24,
      "50s": 0,
      "100s": 0,
      "strike_rate": 160.0,
      "average": 24.0
    },
    "bowling": {
      "matches": 1,
      "balls": 7,
      "runs": 9,
      "wickets": 1,
      "maidens": 0.5,
      "best_bowling": "1/9",
      "overs": 1.1666666666666667,
      "economy": 7.7142857142857135,
      "average": 9.0,
      "strike_rate": 7.0
    }
  }
}