{
  "Royal Challengers Bangalore": {
    "batting": {
      "matches": 14,
      "runs": 327,
      "balls": 246,
      "fours": 27,
      "sixes": 17,
      "dots": 101,
      "dismissals": 13,
      "highest": 85,
      "50s": 1,
      "100s": 0,
      "strike_rate": 132.9268292682927,
      "average": 25.153846153846153
    },
    "bowling": {
      "matches": 3,
      "balls": 26,
      "runs": 41,
      "wickets": 3,
      "maidens": 1.6666666666666667,
      "best_bowling": "2/11",
      "overs": 4.333333333333333,
      "economy": 9.461538461538462,
      "average": 13.666666666666666,
      "strike_rate": 8.666666666666666
    }
  },
  "Kings XI Punjab": {
    "batting": {
      "matches": 8,
      "runs": 178,
      "balls": 127,
      "fours": 5,
      "sixes": 18,
      "dots": 58,
      "dismissals": 6,
      "highest": 63,
      "50s": 2,
      "100s": 0,
      "strike_rate": 140.15748031496062,
      "average": 29.666666666666668
    },
    "bowling": {
      "matches": 3,
      "balls": 13,
      "runs": 15,
      "wickets": 1,
      "maidens": 0.6666666666666666,
      "best_bowling": "1/8",
      "overs": 2.1666666666666665,
      "economy": 6.923076923076923,
      "average": 15.0,
      "strike_rate": 13.0
    }
  },
  "Delhi Daredevils": {
    "batting": {
      "matches": 3,
      "runs": 75,
      "balls": 52,
      "fours": 7,
      "sixes": 4,
      "dots": 20,
      "dismissals": 3,
      "highest": 59,
      "50s": 1,
      "100s": 0,
      "strike_rate": 144.23076923076923,
      "average": 25.0
    },
    "bowling": {
      "matches": 1,
      "balls": 6,
      "runs": 3,
      "wickets": 0,
      "maidens": 0.5,
      "best_bowling": "0/3",
      "overs": 1.0,
      "economy": 3.0
    }
  },
  "Gujarat Lions": {
    "batting": {
      "matches": 3,
      "runs": 142,
      "balls": 96,
      "fours": 12,
      "sixes": 7,
      "dots": 32,
      "dismissals": 3,
      "highest": 70,
      "50s": 2,
      "100s": 0,
      "strike_rate": 147.91666666666666,
      "average": 47.333333333333336
    },
    "bowling": {}
  },
  "Rising Pune Supergiant": {
    "batting": {
      "matches": 2,
      "runs": 37,
      "balls": 38,
      "fours": 1,
      "sixes": 2,
      "dots": 16,
      "dismissals": 2,
      "highest": 34,
      "50s": 0,
      "100s": 0,
      "strike_rate": 97.36842105263158,
      "average": 18.5
    },
    "bowling": {}
  },
  "Kolkata Knight Riders": {
    "batting": {
      "matches": 1,
      "runs": 50,
      "balls": 30,
      "fours": 5,
      "sixes": 3,
      "dots": 10,
      "dismissals": 1,
      "highest": 50,
      "50s": 1,
      "100s": 0,
      "strike_rate": 166.66666666666666,
      "average": 50.0
    },
    "bowling": {}
  },
  "Sunrisers Hyderabad": {
    "batting": {
      "matches": 16,
      "runs": 546,
      "balls": 409,
      "fours": 55,
      "sixes": 27,
      "dots": 177,
      "dismissals": 16,
      "highest": 80,
      "50s": 4,
      "100s": 0,
      "strike_rate": 133.4963325183374,
      "average": 34.125
    },
    "bowling": {
      "matches": 2,
      "balls": 12,
      "runs": 14,
      "wickets": 0,
      "maidens": 0.6666666666666666,
      "best_bowling": "0/5",
      "overs": 2.0,
      "economy": 7.0
    }
  },
  "Chennai Super Kings": {
    "batting": {
      "matches": 11,
      "runs": 284,
      "balls": 237,
      "fours": 33,
      "sixes": 8,
      "dots": 101,
      "dismissals": 9,
      "highest": 87,
      "50s": 2,
      "100s": 0,
      "strike_rate": 119.83122362869199,
      "average": 31.555555555555557
    },
    "bowling": {
      "matches": 1,
      "balls": 7,
      "runs": 16,
      "wickets": 0,
      "maidens": 0.0,
      "best_bowling": "0/16",
      "overs": 1.1666666666666667,
      "economy": 13.714285714285714
    }
  },
  "Rajasthan Royals": {
    "batting": {
      "matches": 11,
      "runs": 224,
      "balls": 194,
      "fours": 17,
      "sixes": 8,
      "dots": 77,
      "dismissals": 9,
      "highest": 48,
      "50s": 0,
      "100s": 0,
      "strike_rate": 115.4639175257732,
      "average": 24.88888888888889
    },
    "bowling": {
      "matches": 3,
      "balls": 24,
      "runs": 50,
      "wickets": 2,
      "maidens": 1.0,
      "best_bowling": "2/11",
      "overs": 4.0,
      "economy": 12.5,
      "average": 25.0,
      "strike_rate": 12.0
    }
  },
  "Mumbai Indians": {
    "batting": {
      "matches": 11,
      "runs": 258,
      "balls": 204,
      "fours": 22,
      "sixes": 14,
      "dots": 90,
      "dismissals": 10,
      "highest": 57,
      "50s": 1,
      "100s": 0,
      "strike_rate": 126.47058823529412,
      "average": 25.8
    },
    "bowling": {
      "matches": 2,
      "balls": 19,
      "runs": 22,
      "wickets": 0,
      "maidens": 1.5,
      "best_bowling": "0/5",
      "overs": 3.1666666666666665,
      "economy": 6.947368421052632
    }
  },
  "Delhi Capitals": {
    "batting": {
      "matches": 10,
      "runs": 306,
      "balls": 222,
      "fours": 24,
      "sixes": 17,
      "dots": 84,
      "dismissals": 9,
      "highest": 81,
      "50s": 3,
      "100s": 0,
      "strike_rate": 137.83783783783784,
      "average": 34.0
    },
    "bowling": {
      "matches": 4,
      "balls": 48,
      "runs": 52,
      "wickets": 3,
      "maidens": 2.3333333333333335,
      "best_bowling": "2/17",
      "overs": 8.0,
      "economy": 6.5,
      "average": 17.333333333333332,
      "strike_rate": 16.0
    }
  },
  "Punjab Kings": {
    "batting": {
      "matches": 5,
      "runs": 106,
      "balls": 77,
      "fours": 11,
      "sixes": 4,
      "dots": 28,
      "dismissals": 5,
      "highest": 51,
      "50s": 1,
      "100s": 0,
      "strike_rate": 137.66233766233765,
      "average": 21.2
    },
    "bowling": {
      "matches": 2,
      "balls": 12,
      "runs": 14,
      "wickets": 1,
      "maidens": 0.6666666666666666,
      "best_bowling": "1/7",
      "overs": 2.0,
      "economy": 7.0,
      "average": 14.0,
      "strike_rate": 12.0
    }
  },
  "Gujarat Titans": {
    "batting": {
      "matches": 3,
      "runs": 51,
      "balls": 39,
      "fours": 5,
      "sixes": 3,
      "dots": 19,
      "dismissals": 3,
      "highest": 45,
      "50s": 0,
      "100s": 0,
      "strike_rate": 130.76923076923077,
      "average": 17.0
    },
    "bowling": {
      "matches": 1,
      "balls": 6,
      "runs": 14,
      "wickets": 0,
      "maidens": 0.0,
      "best_bowling": "0/14",
      "overs": 1.0,
      "economy": 14.0
    }
  },
  "Lucknow Super Giants": {
    "batting": {
      "matches": 3,
      "runs": 52,
      "balls": 44,
      "fours": 10,
      "sixes": 0,
      "dots": 22,
      "dismissals": 3,
      "highest": 42,
      "50s": 0,
      "100s": 0,
      "strike_rate": 118.18181818181819,
      "average": 17.333333333333332
    },
    "bowling": {
      "matches": 2,
      "balls": 12,
      "runs": 12,
      "wickets": 0,
      "maidens": 0.6666666666666666,
      "best_bowling": "0/3",
      "overs": 2.0,
      "economy": 6.0
    }
  }
}