{
  "Rajasthan Royals": {
    "batting": {},
    "bowling": {
      "matches": 3,
      "balls": 61,
      "runs": 97,
      "wickets": 3,
      "maidens": 2.6666666666666665,
      "best_bowling": "2/25",
      "overs": 10.166666666666666,
      "economy": 9.540983606557377,
      "average": 32.333333333333336,
      "strike_rate": 20.333333333333332
    }
  },
  "Lucknow Super Giants": {
    "batting": {
      "matches": 1,
      "runs": 4,
      "balls": 2,
      "fours": 1,
      "sixes": 0,
      "dots": 1,
      "dismissals": 1,
      "highest": 4,
      "50s": 0,
      "100s": 0,
      "strike_rate": 200.0,
      "average": 4.0
    },
    "bowling": {
      "matches": 3,
      "balls": 73,
      "runs": 67,
      "wickets": 3,
      "maidens": 5.0,
      "best_bowling": "2/18",
      "overs": 12.166666666666666,
      "economy": 5.506849315068494,
      "average": 22.333333333333332,
      "strike_rate": 24.333333333333332
    }
  },
  "Mumbai Indians": {
    "batting": {
      "matches": 1,
      "runs": 1,
      "balls": 3,
      "fours": 0,
      "sixes": 0,
      "dots": 2,
      "dismissals": 1,
      "highest": 1,
      "50s": 0,
      "100s": 0,
      "strike_rate": 33.333333333333336,
      "average": 1.0
    },
    "bowling": {
      "matches": 3,
      "balls": 74,
      "runs": 110,
      "wickets": 3,
      "maidens": 4.166666666666667,
      "best_bowling": "3/37",
      "overs": 12.333333333333334,
      "economy": 8.91891891891892,
      "average": 36.666666666666664,
      "strike_rate": 24.666666666666668
    }
  },
  "Kolkata Knight Riders": {
    "batting": {},
    "bowling": {
      "matches": 1,
      "balls": 25,
      "runs": 21,
      "wickets": 2,
      "maidens": 2.0,
      "best_bowling": "2/21",
      "overs": 4.166666666666667,
      "economy": 5.04,
      "average": 10.5,
      "strike_rate": 12.5
    }
  },
  "Delhi Capitals": {
    "batting": {
      "matches": 1,
      "runs": 1,
      "balls": 7,
      "fours": 0,
      "sixes": 0,
      "dots": 6,
      "dismissals": 1,
      "highest": 1,
      "50s": 0,
      "100s": 0,
      "strike_rate": 14.285714285714286,
      "average": 1.0
    },
    "bowling": {
      "matches": 3,
      "balls": 56,
      "runs": 71,
      "wickets": 1,
      "maidens": 3.3333333333333335,
      "best_bowling": "1/36",
      "overs": 9.333333333333334,
      "economy": 7.607142857142857,
      "average": 71.0,
      "strike_rate": 56.0
    }
  },
  "Sunrisers Hyderabad": {
    "batting": {
      "matches": 1,
      "runs": 0,
      "balls": 1,
      "fours": 0,
      "sixes": 0,
      "dots": 1,
      "dismissals": 1,
      "highest": 0,
      "50s": 0,
      "100s": 0,
      "strike_rate": 0.0,
      "average": 0.0
    },
    "bowling": {
      "matches": 2,
      "balls": 42,
      "runs": 71,
      "wickets": 1,
      "maidens": 2.0,
      "best_bowling": "1/32",
      "overs": 7.0,
      "economy": 10.142857142857142,
      "average": 71.0,
      "strike_rate": 42.0
    }
  },
  "Royal Challengers Bangalore": {
    "batting": {},
    "bowling": {
      "matches": 1,
      "balls": 26,
      "runs": 40,
      "wickets": 2,
      "maidens": 0.8333333333333334,
      "best_bowling": "2/40",
      "overs": 4.333333333333333,
      "economy": 9.230769230769232,
      "average": 20.0,
      "strike_rate": 13.0
    }
  },
  "Chennai Super Kings": {
    "batting": {
      "matches": 1,
      "runs": 7,
      "balls": 5,
      "fours": 1,
      "sixes": 0,
      "dots": 1,
      "dismissals": 0,
      "highest": 7,
      "50s": 0,
      "100s": 0,
      "strike_rate": 140.0
    },
    "bowling": {
      "matches": 3,
      "balls": 57,
      "runs": 71,
      "wickets": 3,
      "maidens": 2.5,
      "best_bowling": "2/17",
      "overs": 9.5,
      "economy": 7.473684210526316,
      "average": 23.666666666666668,
      "strike_rate": 19.0
    }
  },
  "Punjab Kings": {
    "batting": {},
    "bowling": {
      "matches": 2,
      "balls": 50,
      "runs": 53,
      "wickets": 4,
      "maidens": 3.1666666666666665,
      "best_bowling": "2/20",
      "overs": 8.333333333333334,
      "economy": 6.359999999999999,
      "average": 13.25,
      "strike_rate": 12.5
    }
  },
  "Royal Challengers Bengaluru": {
    "batting": {},
    "bowling": {
      "matches": 2,
      "balls": 49,
      "runs": 71,
      "wickets": 2,
      "maidens": 2.8333333333333335,
      "best_bowling": "2/24",
      "overs": 8.166666666666666,
      "economy": 8.693877551020408,
      "average": 35.5,
      "strike_rate": 24.5
    }
  }
}