{
  "Rising Pune Supergiant": {
    "batting": {},
    "bowling": {
      "matches": 1,
      "balls": 18,
      "runs": 26,
      "wickets": 1,
      "maidens": 0.6666666666666666,
      "best_bowling": "1/26",
      "overs": 3.0,
      "economy": 8.666666666666666,
      "average": 26.0,
      "strike_rate": 18.0
    }
  },
  "Royal Challengers Bangalore": {
    "batting": {
      "matches": 1,
      "runs": 3,
      "balls": 4,
      "fours": 0,
      "sixes": 0,
      "dots": 1,
      "dismissals": 0,
      "highest": 3,
      "50s": 0,
      "100s": 0,
      "strike_rate": 75.0
    },
    "bowling": {
      "matches": 8,
      "balls": 154,
      "runs": 185,
      "wickets": 9,
      "maidens": 9.166666666666666,
      "best_bowling": "3/10",
      "overs": 25.666666666666668,
      "economy": 7.207792207792208,
      "average": 20.555555555555557,
      "strike_rate": 17.11111111111111
    }
  },
  "Gujarat Lions": {
    "batting": {},
    "bowling": {
      "matches": 2,
      "balls": 38,
      "runs": 55,
      "wickets": 1,
      "maidens": 1.1666666666666667,
      "best_bowling": "1/33",
      "overs": 6.333333333333333,
      "economy": 8.68421052631579,
      "average": 55.0,
      "strike_rate": 38.0
    }
  },
  "Delhi Daredevils": {
    "batting": {},
    "bowling": {
      "matches": 1,
      "balls": 13,
      "runs": 7,
      "wickets": 0,
      "maidens": 1.5,
      "best_bowling": "0/7",
      "overs": 2.1666666666666665,
      "economy": 3.230769230769231
    }
  },
  "Kolkata Knight Riders": {
    "batting": {},
    "bowling": {
      "matches": 10,
      "balls": 229,
      "runs": 355,
      "wickets": 16,
      "maidens": 12.166666666666666,
      "best_bowling": "3/30",
      "overs": 38.166666666666664,
      "economy": 9.301310043668122,
      "average": 22.1875,
      "strike_rate": 14.3125
    }
  },
  "Delhi Capitals": {
    "batting": {},
    "bowling": {
      "matches": 6,
      "balls": 143,
      "runs": 163,
      "wickets": 10,
      "maidens": 7.166666666666667,
      "best_bowling": "4/19",
      "overs": 23.833333333333332,
      "economy": 6.839160839160839,
      "average": 16.3,
      "strike_rate": 14.3
    }
  },
  "Chennai Super Kings": {
    "batting": {
      "matches": 1,
      "runs": 0,
      "balls": 1,
      "fours": 0,
      "sixes": 0,
      "dots": 1,
      "dismissals": 0,
      "highest": 0,
      "50s": 0,
      "100s": 0,
      "strike_rate": 0.0
    },
    "bowling": {
      "matches": 6,
      "balls": 151,
      "runs": 242,
      "wickets": 11,
      "maidens": 6.0,
      "best_bowling": "3/45",
      "overs": 25.166666666666668,
      "economy": 9.6158940397351,
      "average": 22.0,
      "strike_rate": 13.727272727272727
    }
  },
  "Mumbai Indians": {
    "batting": {},
    "bowling": {
      "matches": 5,
      "balls": 118,
      "runs": 209,
      "wickets": 3,
      "maidens": 5.333333333333333,
      "best_bowling": "2/50",
      "overs": 19.666666666666668,
      "economy": 10.627118644067796,
      "average": 69.66666666666667,
      "strike_rate": 39.333333333333336
    }
  },
  "Kings XI Punjab": {
    "batting": {},
    "bowling": {
      "matches": 2,
      "balls": 50,
      "runs": 49,
      "wickets": 3,
      "maidens": 3.1666666666666665,
      "best_bowling": "3/25",
      "overs": 8.333333333333334,
      "economy": 5.88,
      "average": 16.333333333333332,
      "strike_rate": 16.666666666666668
    }
  },
  "Rajasthan Royals": {
    "batting": {},
    "bowling": {
      "matches": 7,
      "balls": 164,
      "runs": 235,
      "wickets": 8,
      "maidens": 8.833333333333334,
      "best_bowling": "2/27",
      "overs": 27.333333333333332,
      "economy": 8.597560975609756,
      "average": 29.375,
      "strike_rate": 20.5
    }
  },
  "Lucknow Super Giants": {
    "batting": {},
    "bowling": {
      "matches": 4,
      "balls": 94,
      "runs": 132,
      "wickets": 3,
      "maidens": 3.8333333333333335,
      "best_bowling": "2/27",
      "overs": 15.666666666666666,
      "economy": 8.425531914893618,
      "average": 44.0,
      "strike_rate": 31.333333333333332
    }
  },
  "Gujarat Titans": {
    "batting": {},
    "bowling": {
      "matches": 3,
      "balls": 74,
      "runs": 111,
      "wickets": 4,
      "maidens": 3.1666666666666665,
      "best_bowling": "3/34",
      "overs": 12.333333333333334,
      "economy": 9.0,
      "average": 27.75,
      "strike_rate": 18.5
    }
  },
  "Punjab Kings": {
    "batting": {},
    "bowling": {
      "matches": 4,
      "balls": 102,
      "runs": 144,
      "wickets": 4,
      "maidens": 5.666666666666667,
      "best_bowling": "2/33",
      "overs": 17.0,
      "economy": 8.470588235294118,
      "average": 36.0,
      "strike_rate": 25.5
    }
  },
  "Royal Challengers Bengaluru": {
    "batting": {},
    "bowling": {
      "matches": 2,
      "balls": 53,
      "runs": 88,
      "wickets": 3,
      "maidens": 1.8333333333333333,
      "best_bowling": "2/40",
      "overs": 8.833333333333334,
      "economy": 9.962264150943396,
      "average": 29.333333333333332,
      "strike_rate": 17.666666666666668
    }
  }
}