{
  "Rajasthan Royals": {
    "batting": {},
    "bowling": {
      "matches": 4,
      "balls": 101,
      "runs": 147,
      "wickets": 9,
      "maidens": 5.166666666666667,
      "best_bowling": "3/37",
      "overs": 16.833333333333332,
      "economy": 8.732673267326733,
      "average": 16.333333333333332,
      "strike_rate": 11.222222222222221
    }
  },
  "Chennai Super Kings": {
    "batting": {},
    "bowling": {
      "matches": 1,
      "balls": 26,
      "runs": 39,
      "wickets": 1,
      "maidens": 1.5,
      "best_bowling": "1/39",
      "overs": 4.333333333333333,
      "economy": 9.0,
      "average": 39.0,
      "strike_rate": 26.0
    }
  },
  "Kings XI Punjab": {
    "batting": {},
    "bowling": {
      "matches": 1,
      "balls": 13,
      "runs": 41,
      "wickets": 0,
      "maidens": 0.3333333333333333,
      "best_bowling": "0/41",
      "overs": 2.1666666666666665,
      "economy": 18.923076923076923
    }
  },
  "Kolkata Knight Riders": {
    "batting": {
      "matches": 1,
      "runs": 1,
      "balls": 3,
      "fours": 0,
      "sixes": 0,
      "dots": 2,
      "dismissals": 1,
      "highest": 1,
      "50s": 0,
      "100s": 0,
      "strike_rate": 33.333333333333336,
      "average": 1.0
    },
    "bowling": {
      "matches": 5,
      "balls": 120,
      "runs": 169,
      "wickets": 5,
      "maidens": 8.666666666666666,
      "best_bowling": "3/37",
      "overs": 20.0,
      "economy": 8.45,
      "average": 33.8,
      "strike_rate": 24.0
    }
  },
  "Sunrisers Hyderabad": {
    "batting": {
      "matches": 1,
      "runs": 20,
      "balls": 9,
      "fours": 2,
      "sixes": 1,
      "dots": 1,
      "dismissals": 0,
      "highest": 20,
      "50s": 0,
      "100s": 0,
      "strike_rate": 222.22222222222223
    },
    "bowling": {
      "matches": 4,
      "balls": 67,
      "runs": 112,
      "wickets": 4,
      "maidens": 3.0,
      "best_bowling": "4/27",
      "overs": 11.166666666666666,
      "economy": 10.029850746268657,
      "average": 28.0,
      "strike_rate": 16.75
    }
  },
  "Lucknow Super Giants": {
    "batting": {},
    "bowling": {
      "matches": 5,
      "balls": 110,
      "runs": 169,
      "wickets": 3,
      "maidens": 5.5,
      "best_bowling": "2/46",
      "overs": 18.333333333333332,
      "economy": 9.218181818181819,
      "average": 56.333333333333336,
      "strike_rate": 36.666666666666664
    }
  },
  "Gujarat Titans": {
    "batting": {},
    "bowling": {
      "matches": 5,
      "balls": 122,
      "runs": 206,
      "wickets": 6,
      "maidens": 6.0,
      "best_bowling": "2/22",
      "overs": 20.333333333333332,
      "economy": 10.131147540983607,
      "average": 34.333333333333336,
      "strike_rate": 20.333333333333332
    }
  },
  "Mumbai Indians": {
    "batting": {},
    "bowling": {
      "matches": 3,
      "balls": 68,
      "runs": 87,
      "wickets": 5,
      "maidens": 4.333333333333333,
      "best_bowling": "2/26",
      "overs": 11.333333333333334,
      "economy": 7.6764705882352935,
      "average": 17.4,
      "strike_rate": 13.6
    }
  },
  "Royal Challengers Bangalore": {
    "batting": {},
    "bowling": {
      "matches": 1,
      "balls": 27,
      "runs": 49,
      "wickets": 3,
      "maidens": 1.3333333333333333,
      "best_bowling": "3/49",
      "overs": 4.5,
      "economy": 10.88888888888889,
      "average": 16.333333333333332,
      "strike_rate": 9.0
    }
  },
  "Punjab Kings": {
    "batting": {
      "matches": 1,
      "runs": 0,
      "balls": 2,
      "fours": 0,
      "sixes": 0,
      "dots": 2,
      "dismissals": 0,
      "highest": 0,
      "50s": 0,
      "100s": 0,
      "strike_rate": 0.0
    },
    "bowling": {
      "matches": 2,
      "balls": 51,
      "runs": 89,
      "wickets": 5,
      "maidens": 3.1666666666666665,
      "best_bowling": "3/54",
      "overs": 8.5,
      "economy": 10.470588235294118,
      "average": 17.8,
      "strike_rate": 10.2
    }
  },
  "Delhi Capitals": {
    "batting": {
      "matches": 1,
      "runs": 0,
      "balls": 1,
      "fours": 0,
      "sixes": 0,
      "dots": 1,
      "dismissals": 0,
      "highest": 0,
      "50s": 0,
      "100s": 0,
      "strike_rate": 0.0
    },
    "bowling": {
      "matches": 3,
      "balls": 69,
      "runs": 71,
      "wickets": 3,
      "maidens": 5.0,
      "best_bowling": "2/19",
      "overs": 11.5,
      "economy": 6.173913043478261,
      "average": 23.666666666666668,
      "strike_rate": 23.0
    }
  },
  "Royal Challengers Bengaluru": {
    "batting": {},
    "bowling": {
      "matches": 2,
      "balls": 57,
      "runs": 96,
      "wickets": 2,
      "maidens": 3.3333333333333335,
      "best_bowling": "1/47",
      "overs": 9.5,
      "economy": 10.105263157894736,
      "average": 48.0,
      "strike_rate": 28.5
    }
  }
}