{
  "Gujarat Titans": {
    "matches_played": 5,
    "batting": {
      "total_runs": 971,
      "wickets_lost": 28,
      "fours": 80,
      "sixes": 47,
      "average": 34.67857142857143,
      "runs_per_match": 194.2
    },
    "bowling": {
      "runs_conceded": 880,
      "wickets_taken": 39,
      "maidens": 36.666666666666664,
      "average": 22.564102564102566,
      "runs_per_match": 176.0
    }
  },
  "Mumbai Indians": {
    "matches_played": 5,
    "batting": {
      "total_runs": 880,
      "wickets_lost": 39,
      "fours": 76,
      "sixes": 43,
      "average": 22.564102564102566,
      "runs_per_match": 176.0
    },
    "bowling": {
      "runs_conceded": 971,
      "wickets_taken": 28,
      "maidens": 29.666666666666668,
      "average": 34.67857142857143,
      "runs_per_match": 194.2
    }
  }
}