{
  "Kolkata Knight Riders": {
    "matches_played": 28,
    "batting": {
      "total_runs": 4367,
      "wickets_lost": 156,
      "fours": 374,
      "sixes": 178,
      "average": 27.993589743589745,
      "runs_per_match": 155.96428571428572
    },
    "bowling": {
      "runs_conceded": 4414,
      "wickets_taken": 179,
      "maidens": 198.83333333333334,
      "average": 24.65921787709497,
      "runs_per_match": 157.64285714285714
    }
  },
  "Sunrisers Hyderabad": {
    "matches_played": 28,
    "batting": {
      "total_runs": 4414,
      "wickets_lost": 179,
      "fours": 349,
      "sixes": 172,
      "average": 24.65921787709497,
      "runs_per_match": 157.64285714285714
    },
    "bowling": {
      "runs_conceded": 4367,
      "wickets_taken": 156,
      "maidens": 180.66666666666666,
      "average": 27.993589743589745,
      "runs_per_match": 155.96428571428572
    }
  }
}