{
  "Mumbai Indians": {
    "matches_played": 37,
    "batting": {
      "total_runs": 5837,
      "wickets_lost": 224,
      "fours": 503,
      "sixes": 233,
      "average": 26.058035714285715,
      "runs_per_match": 157.75675675675674
    },
    "bowling": {
      "runs_conceded": 5756,
      "wickets_taken": 228,
      "maidens": 275.3333333333333,
      "average": 25.24561403508772,
      "runs_per_match": 155.56756756756758
    }
  },
  "Chennai Super Kings": {
    "matches_played": 37,
    "batting": {
      "total_runs": 5756,
      "wickets_lost": 228,
      "fours": 482,
      "sixes": 218,
      "average": 25.24561403508772,
      "runs_per_match": 155.56756756756758
    },
    "bowling": {
      "runs_conceded": 5837,
      "wickets_taken": 224,
      "maidens": 266.0,
      "average": 26.058035714285715,
      "runs_per_match": 157.75675675675674
    }
  }
}