{
  "Mumbai Indians": {
    "matches_played": 34,
    "batting": {
      "total_runs": 5328,
      "wickets_lost": 181,
      "fours": 486,
      "sixes": 202,
      "average": 29.43646408839779,
      "runs_per_match": 156.7058823529412
    },
    "bowling": {
      "runs_conceded": 5134,
      "wickets_taken": 218,
      "maidens": 250.33333333333334,
      "average": 23.55045871559633,
      "runs_per_match": 151.0
    }
  },
  "Kolkata Knight Riders": {
    "matches_played": 34,
    "batting": {
      "total_runs": 5134,
      "wickets_lost": 218,
      "fours": 445,
      "sixes": 194,
      "average": 23.55045871559633,
      "runs_per_match": 151.0
    },
    "bowling": {
      "runs_conceded": 5328,
      "wickets_taken": 181,
      "maidens": 237.66666666666666,
      "average": 29.43646408839779,
      "runs_per_match": 156.7058823529412
    }
  }
}