{
  "Punjab Kings": {
    "matches_played": 7,
    "batting": {
      "total_runs": 1093,
      "wickets_lost": 52,
      "fours": 94,
      "sixes": 46,
      "average": 21.01923076923077,
      "runs_per_match": 156.14285714285714
    },
    "bowling": {
      "runs_conceded": 1092,
      "wickets_taken": 36,
      "maidens": 50.0,
      "average": 30.333333333333332,
      "runs_per_match": 156.0
    }
  },
  "Sunrisers Hyderabad": {
    "matches_played": 7,
    "batting": {
      "total_runs": 1092,
      "wickets_lost": 36,
      "fours": 87,
      "sixes": 44,
      "average": 30.333333333333332,
      "runs_per_match": 156.0
    },
    "bowling": {
      "runs_conceded": 1093,
      "wickets_taken": 52,
      "maidens": 53.166666666666664,
      "average": 21.01923076923077,
      "runs_per_match": 156.14285714285714
    }
  }
}