{
  "Rajasthan Royals": {
    "matches_played": 28,
    "batting": {
      "total_runs": 4251,
      "wickets_lost": 178,
      "fours": 386,
      "sixes": 134,
      "average": 23.882022471910112,
      "runs_per_match": 151.82142857142858
    },
    "bowling": {
      "runs_conceded": 4328,
      "wickets_taken": 170,
      "maidens": 200.33333333333334,
      "average": 25.458823529411763,
      "runs_per_match": 154.57142857142858
    }
  },
  "Kolkata Knight Riders": {
    "matches_played": 28,
    "batting": {
      "total_runs": 4328,
      "wickets_lost": 170,
      "fours": 366,
      "sixes": 158,
      "average": 25.458823529411763,
      "runs_per_match": 154.57142857142858
    },
    "bowling": {
      "runs_conceded": 4251,
      "wickets_taken": 178,
      "maidens": 204.33333333333334,
      "average": 23.882022471910112,
      "runs_per_match": 151.82142857142858
    }
  }
}