{
  "Rajasthan Royals": {
    "matches_played": 29,
    "batting": {
      "total_runs": 3955,
      "wickets_lost": 165,
      "fours": 343,
      "sixes": 140,
      "average": 23.96969696969697,
      "runs_per_match": 136.3793103448276
    },
    "bowling": {
      "runs_conceded": 4302,
      "wickets_taken": 163,
      "maidens": 198.16666666666666,
      "average": 26.392638036809817,
      "runs_per_match": 148.3448275862069
    }
  },
  "Royal Challengers Bangalore": {
    "matches_played": 29,
    "batting": {
      "total_runs": 4302,
      "wickets_lost": 163,
      "fours": 401,
      "sixes": 144,
      "average": 26.392638036809817,
      "runs_per_match": 148.3448275862069
    },
    "bowling": {
      "runs_conceded": 3955,
      "wickets_taken": 165,
      "maidens": 199.83333333333334,
      "average": 23.96969696969697,
      "runs_per_match": 136.3793103448276
    }
  }
}