{
  "Royal Challengers Bangalore": {
    "matches_played": 32,
    "batting": {
      "total_runs": 5192,
      "wickets_lost": 174,
      "fours": 427,
      "sixes": 207,
      "average": 29.839080459770116,
      "runs_per_match": 162.25
    },
    "bowling": {
      "runs_conceded": 5302,
      "wickets_taken": 185,
      "maidens": 231.16666666666666,
      "average": 28.65945945945946,
      "runs_per_match": 165.6875
    }
  },
  "Mumbai Indians": {
    "matches_played": 32,
    "batting": {
      "total_runs": 5302,
      "wickets_lost": 185,
      "fours": 448,
      "sixes": 213,
      "average": 28.65945945945946,
      "runs_per_match": 165.6875
    },
    "bowling": {
      "runs_conceded": 5192,
      "wickets_taken": 174,
      "maidens": 226.5,
      "average": 29.839080459770116,
      "runs_per_match": 162.25
    }
  }
}