{
  "SS Iyer": {
    "batting": {},
    "bowling": {
      "matches": 7,
      "balls": 45,
      "runs": 62,
      "wickets": 0,
      "maidens": 2.3333333333333335,
      "best_bowling": "0/0",
      "overs": 7.5,
      "economy": 8.266666666666667
    }
  },
  "Q de Kock": {
    "batting": {},
    "bowling": {
      "matches": 12,
      "balls": 88,
      "runs": 112,
      "wickets": 4,
      "maidens": 7.5,
      "best_bowling": "1/0",
      "overs": 14.666666666666666,
      "economy": 7.636363636363637,
      "average": 28.0,
      "strike_rate": 22.0
    }
  },
  "KK Nair": {
    "batting": {},
    "bowling": {
      "matches": 1,
      "balls": 3,
      "runs": 6,
      "wickets": 0,
      "maidens": 0.16666666666666666,
      "best_bowling": "0/6",
      "overs": 0.5,
      "economy": 12.0
    }
  },
  "JC Buttler": {
    "batting": {},
    "bowling": {
      "matches": 6,
      "balls": 44,
      "runs": 66,
      "wickets": 0,
      "maidens": 3.1666666666666665,
      "best_bowling": "0/0",
      "overs": 7.333333333333333,
      "economy": 9.0
    }
  },
  "RG Sharma": {
    "batting": {},
    "bowling": {
      "matches": 10,
      "balls": 51,
      "runs": 62,
      "wickets": 3,
      "maidens": 3.3333333333333335,
      "best_bowling": "1/0",
      "overs": 8.5,
      "economy": 7.294117647058823,
      "average": 20.666666666666668,
      "strike_rate": 17.0
    }
  },
  "SV Samson": {
    "batting": {},
    "bowling": {
      "matches": 6,
      "balls": 29,
      "runs": 41,
      "wickets": 3,
      "maidens": 1.6666666666666667,
      "best_bowling": "1/0",
      "overs": 4.833333333333333,
      "economy": 8.482758620689655,
      "average": 13.666666666666666,
      "strike_rate": 9.666666666666666
    }
  },
  "PJ Cummins": {
    "batting": {
      "matches": 1,
      "runs": 13,
      "balls": 4,
      "fours": 0,
      "sixes": 2,
      "dots": 1,
      "dismissals": 0,
      "highest": 13,
      "50s": 0,
      "100s": 0,
      "strike_rate": 325.0
    },
    "bowling": {}
  },
  "TM Head": {
    "batting": {},
    "bowling": {
      "matches": 3,
      "balls": 19,
      "runs": 23,
      "wickets": 0,
      "maidens": 1.3333333333333333,
      "best_bowling": "0/2",
      "overs": 3.1666666666666665,
      "economy": 7.2631578947368425
    }
  },
  "V Kohli": {
    "batting": {},
    "bowling": {
      "matches": 9,
      "balls": 53,
      "runs": 73,
      "wickets": 1,
      "maidens": 2.8333333333333335,
      "best_bowling": "1/8",
      "overs": 8.833333333333334,
      "economy": 8.264150943396226,
      "average": 73.0,
      "strike_rate": 53.0
    }
  },
  "Ishan Kishan": {
    "batting": {},
    "bowling": {
      "matches": 6,
      "balls": 24,
      "runs": 30,
      "wickets": 1,
      "maidens": 1.8333333333333333,
      "best_bowling": "1/5",
      "overs": 4.0,
      "economy": 7.5,
      "average": 30.0,
      "strike_rate": 24.0
    }
  },
  "SA Yadav": {
    "batting": {},
    "bowling": {
      "matches": 7,
      "balls": 47,
      "runs": 60,
      "wickets": 1,
      "maidens": 3.6666666666666665,
      "best_bowling": "1/2",
      "overs": 7.833333333333333,
      "economy": 7.659574468085107,
      "average": 60.0,
      "strike_rate": 47.0
    }
  },
  "M Markande": {
    "batting": {
      "matches": 1,
      "runs": 0,
      "balls": 1,
      "fours": 0,
      "sixes": 0,
      "dots": 1,
      "dismissals": 1,
      "highest": 0,
      "50s": 0,
      "100s": 0,
      "strike_rate": 0.0,
      "average": 0.0
    },
    "bowling": {}
  },
  "SP Narine": {
    "batting": {
      "matches": 1,
      "runs": 1,
      "balls": 1,
      "fours": 0,
      "sixes": 0,
      "dots": 0,
      "dismissals": 0,
      "highest": 1,
      "50s": 0,
      "100s": 0,
      "strike_rate": 100.0
    },
    "bowling": {
      "matches": 3,
      "balls": 8,
      "runs": 22,
      "wickets": 1,
      "maidens": 0.5,
      "best_bowling": "1/4",
      "overs": 1.3333333333333333,
      "economy": 16.5,
      "average": 22.0,
      "strike_rate": 8.0
    }
  },
  "KL Rahul": {
    "batting": {},
    "bowling": {
      "matches": 11,
      "balls": 103,
      "runs": 162,
      "wickets": 0,
      "maidens": 6.666666666666667,
      "best_bowling": "0/1",
      "overs": 17.166666666666668,
      "economy": 9.436893203883495
    }
  },
  "AM Rahane": {
    "batting": {},
    "bowling": {
      "matches": 4,
      "balls": 25,
      "runs": 24,
      "wickets": 4,
      "maidens": 2.1666666666666665,
      "best_bowling": "1/0",
      "overs": 4.166666666666667,
      "economy": 5.76,
      "average": 6.0,
      "strike_rate": 6.25
    }
  },
  "H Klaasen": {
    "batting": {},
    "bowling": {
      "matches": 1,
      "balls": 2,
      "runs": 1,
      "wickets": 0,
      "maidens": 0.16666666666666666,
      "best_bowling": "0/1",
      "overs": 0.3333333333333333,
      "economy": 3.0
    }
  },
  "MK Pandey": {
    "batting": {},
    "bowling": {
      "matches": 6,
      "balls": 24,
      "runs": 36,
      "wickets": 1,
      "maidens": 1.3333333333333333,
      "best_bowling": "1/0",
      "overs": 4.0,
      "economy": 9.0,
      "average": 36.0,
      "strike_rate": 24.0
    }
  },
  "DJ Hooda": {
    "batting": {},
    "bowling": {
      "matches": 3,
      "balls": 13,
      "runs": 8,
      "wickets": 2,
      "maidens": 1.3333333333333333,
      "best_bowling": "1/0",
      "overs": 2.1666666666666665,
      "economy": 3.6923076923076925,
      "average": 4.0,
      "strike_rate": 6.5
    }
  },
  "RR Pant": {
    "batting": {},
    "bowling": {
      "matches": 6,
      "balls": 18,
      "runs": 24,
      "wickets": 1,
      "maidens": 0.5,
      "best_bowling": "1/6",
      "overs": 3.0,
      "economy": 8.0,
      "average": 24.0,
      "strike_rate": 18.0
    }
  },
  "TA Boult": {
    "batting": {
      "matches": 1,
      "runs": 1,
      "balls": 2,
      "fours": 0,
      "sixes": 0,
      "dots": 1,
      "dismissals": 0,
      "highest": 1,
      "50s": 0,
      "100s": 0,
      "strike_rate": 50.0
    },
    "bowling": {
      "matches": 1,
      "balls": 1,
      "runs": 0,
      "wickets": 1,
      "maidens": 0.16666666666666666,
      "best_bowling": "1/0",
      "overs": 0.16666666666666666,
      "economy": 0.0,
      "average": 0.0,
      "strike_rate": 1.0
    }
  },
  "DA Miller": {
    "batting": {},
    "bowling": {
      "matches": 2,
      "balls": 13,
      "runs": 16,
      "wickets": 1,
      "maidens": 0.8333333333333334,
      "best_bowling": "1/2",
      "overs": 2.1666666666666665,
      "economy": 7.384615384615385,
      "average": 16.0,
      "strike_rate": 13.0
    }
  },
  "R Ashwin": {
    "batting": {
      "matches": 1,
      "runs": 24,
      "balls": 11,
      "fours": 1,
      "sixes": 2,
      "dots": 2,
      "dismissals": 1,
      "highest": 24,
      "50s": 0,
      "100s": 0,
      "strike_rate": 218.1818181818182,
      "average": 24.0
    },
    "bowling": {}
  },
  "AR Patel": {
    "batting": {
      "matches": 1,
      "runs": 11,
      "balls": 7,
      "fours": 0,
      "sixes": 1,
      "dots": 2,
      "dismissals": 0,
      "highest": 11,
      "50s": 0,
      "100s": 0,
      "strike_rate": 157.14285714285714
    },
    "bowling": {
      "matches": 1,
      "balls": 2,
      "runs": 1,
      "wickets": 1,
      "maidens": 0.16666666666666666,
      "best_bowling": "1/1",
      "overs": 0.3333333333333333,
      "economy": 3.0,
      "average": 1.0,
      "strike_rate": 2.0
    }
  },
  "Sandeep Sharma": {
    "batting": {
      "matches": 1,
      "runs": 8,
      "balls": 4,
      "fours": 0,
      "sixes": 1,
      "dots": 1,
      "dismissals": 1,
      "highest": 8,
      "50s": 0,
      "100s": 0,
      "strike_rate": 200.0,
      "average": 8.0
    },
    "bowling": {}
  },
  "MM Ali": {
    "batting": {},
    "bowling": {
      "matches": 3,
      "balls": 8,
      "runs": 11,
      "wickets": 0,