{
  "V Kohli": {
    "batting": {},
    "bowling": {
      "matches": 1,
      "balls": 8,
      "runs": 7,
      "wickets": 1,
      "maidens": 0.6666666666666666,
      "best_bowling": "1/7",
      "overs": 1.3333333333333333,
      "economy": 5.25,
      "average": 7.0,
      "strike_rate": 8.0
    }
  },
  "F du Plessis": {
    "batting": {},
    "bowling": {
      "matches": 1,
      "balls": 8,
      "runs": 13,
      "wickets": 0,
      "maidens": 0.3333333333333333,
      "best_bowling": "0/13",
      "overs": 1.3333333333333333,
      "economy": 9.75
    }
  },
  "RM Patidar": {
    "batting": {},
    "bowling": {
      "matches": 1,
      "balls": 2,
      "runs": 1,
      "wickets": 0,
      "maidens": 0.16666666666666666,
      "best_bowling": "0/1",
      "overs": 0.3333333333333333,
      "economy": 3.0
    }
  },
  "B Sai Sudharsan": {
    "batting": {},
    "bowling": {
      "matches": 1,
      "balls": 9,
      "runs": 14,
      "wickets": 0,
      "maidens": 0.16666666666666666,
      "best_bowling": "0/14",
      "overs": 1.5,
      "economy": 9.333333333333334
    }
  },
  "Shubman Gill": {
    "batting": {},
    "bowling": {
      "matches": 1,
      "balls": 13,
      "runs": 7,
      "wickets": 0,
      "maidens": 1.1666666666666667,
      "best_bowling": "0/7",
      "overs": 2.1666666666666665,
      "economy": 3.230769230769231
    }
  },
  "DG Nalkande": {
    "batting": {},
    "bowling": {
      "matches": 1,
      "balls": 4,
      "runs": 8,
      "wickets": 0,
      "maidens": 0.16666666666666666,
      "best_bowling": "0/8",
      "overs": 0.6666666666666666,
      "economy": 12.0
    }
  },
  "V Shankar": {
    "batting": {},
    "bowling": {
      "matches": 1,
      "balls": 2,
      "runs": 1,
      "wickets": 0,
      "maidens": 0.16666666666666666,
      "best_bowling": "0/1",
      "overs": 0.3333333333333333,
      "economy": 3.0
    }
  }
}